,0,1,2,3,4,5,6,7,8,9,10
0,21.0,27.0,2.0,3.0,26.0,2.0,3.0,41.0,5.0,1.0,302.0
1,32.0,65.0,2.0,4.0,64.0,2.0,4.0,95.0,5.0,1.0,302.0
2,15.0,0.0,2.0,2.0,0.0,2.0,2.0,0.0,5.0,1.0,302.0
3,33.0,69.0,2.0,7.0,68.0,2.0,7.0,104.0,5.0,1.0,302.0
4,54.0,70.0,3.0,7.0,69.0,3.0,7.0,106.0,6.0,1.0,302.0
5,62.0,29.0,4.0,3.0,28.0,4.0,3.0,46.0,7.0,1.0,302.0
6,42.0,28.0,3.0,3.0,27.0,3.0,3.0,43.0,6.0,1.0,302.0
7,74.0,71.0,4.0,7.0,70.0,4.0,7.0,108.0,7.0,1.0,302.0
8,57.0,2.0,4.0,2.0,2.0,4.0,2.0,4.0,7.0,1.0,302.0
9,36.0,1.0,3.0,2.0,1.0,3.0,2.0,2.0,6.0,1.0,302.0
10,53.0,66.0,3.0,4.0,65.0,3.0,4.0,97.0,6.0,1.0,302.0
11,73.0,67.0,4.0,4.0,66.0,4.0,4.0,100.0,7.0,1.0,302.0
12,55.0,75.0,3.0,6.0,74.0,3.0,6.0,117.0,6.0,1.0,302.0
13,34.0,74.0,2.0,6.0,73.0,2.0,6.0,115.0,5.0,1.0,302.0
14,75.0,76.0,4.0,6.0,75.0,4.0,6.0,120.0,7.0,1.0,302.0
15,73.0,67.0,4.0,4.0,66.0,4.0,4.0,100.0,7.0,3.0,151.0
16,53.0,66.0,3.0,4.0,65.0,3.0,4.0,99.0,3.0,3.0,1.0
17,56.0,78.0,3.0,0.0,77.0,3.0,0.0,123.0,6.0,1.0,302.0
18,35.0,77.0,2.0,0.0,76.0,2.0,0.0,121.0,5.0,1.0,302.0
19,53.0,66.0,3.0,4.0,65.0,3.0,4.0,98.0,0.0,3.0,2.0
20,37.0,5.0,3.0,8.0,5.0,3.0,8.0,8.0,6.0,1.0,302.0
21,76.0,79.0,4.0,0.0,78.0,4.0,0.0,126.0,7.0,1.0,302.0
22,57.0,2.0,4.0,2.0,2.0,4.0,2.0,4.0,7.0,3.0,95.0
23,73.0,67.0,4.0,4.0,66.0,4.0,4.0,100.0,7.0,3.0,115.0
24,38.0,10.0,3.0,10.0,10.0,3.0,10.0,16.0,6.0,1.0,302.0
25,16.0,4.0,2.0,8.0,4.0,2.0,8.0,7.0,5.0,1.0,302.0
26,74.0,71.0,4.0,7.0,70.0,4.0,7.0,108.0,7.0,3.0,127.0
27,17.0,9.0,2.0,10.0,9.0,2.0,10.0,15.0,5.0,1.0,302.0
28,40.0,20.0,3.0,1.0,20.0,3.0,1.0,33.0,6.0,1.0,302.0
29,18.0,17.0,2.0,5.0,17.0,2.0,5.0,29.0,5.0,1.0,302.0
30,42.0,28.0,3.0,3.0,27.0,3.0,3.0,45.0,3.0,3.0,1.0
31,42.0,28.0,3.0,3.0,27.0,3.0,3.0,44.0,0.0,3.0,3.0
32,62.0,29.0,4.0,3.0,28.0,4.0,3.0,46.0,7.0,3.0,88.0
33,57.0,2.0,4.0,2.0,2.0,4.0,2.0,4.0,7.0,3.0,138.0
34,39.0,18.0,3.0,5.0,18.0,3.0,5.0,30.0,6.0,1.0,302.0
35,19.0,19.0,2.0,1.0,19.0,2.0,1.0,32.0,5.0,1.0,302.0
36,21.0,27.0,2.0,3.0,27.0,3.0,3.0,45.0,3.0,0.0,1.0
37,15.0,0.0,2.0,2.0,1.0,3.0,2.0,3.0,3.0,0.0,0.0
38,33.0,69.0,2.0,7.0,69.0,3.0,7.0,107.0,3.0,0.0,0.0
39,21.0,27.0,2.0,3.0,26.0,2.0,3.0,42.0,3.0,3.0,1.0
40,41.0,23.0,3.0,9.0,23.0,3.0,9.0,37.0,6.0,1.0,302.0
41,32.0,65.0,2.0,4.0,65.0,3.0,4.0,99.0,3.0,0.0,1.0
42,20.0,22.0,2.0,9.0,22.0,2.0,9.0,36.0,5.0,1.0,302.0
43,73.0,67.0,4.0,4.0,66.0,4.0,4.0,100.0,7.0,3.0,284.0
44,74.0,71.0,4.0,7.0,70.0,4.0,7.0,108.0,7.0,3.0,203.0
45,32.0,65.0,2.0,4.0,64.0,2.0,4.0,96.0,3.0,3.0,1.0
46,58.0,6.0,4.0,8.0,6.0,4.0,8.0,10.0,7.0,1.0,302.0
47,57.0,2.0,4.0,2.0,2.0,4.0,2.0,4.0,7.0,3.0,193.0
48,62.0,29.0,4.0,3.0,28.0,4.0,3.0,46.0,7.0,3.0,71.0
49,59.0,11.0,4.0,10.0,11.0,4.0,10.0,18.0,7.0,1.0,302.0
50,33.0,69.0,2.0,7.0,69.0,3.0,7.0,107.0,3.0,0.0,0.0
51,21.0,27.0,2.0,3.0,27.0,3.0,3.0,45.0,3.0,0.0,1.0
52,18.0,17.0,2.0,5.0,18.0,3.0,5.0,31.0,3.0,0.0,0.0
53,15.0,0.0,2.0,2.0,1.0,3.0,2.0,3.0,3.0,0.0,0.0
54,73.0,67.0,4.0,4.0,66.0,4.0,4.0,100.0,7.0,3.0,76.0
55,74.0,71.0,4.0,7.0,70.0,4.0,7.0,108.0,7.0,3.0,262.0
56,32.0,65.0,2.0,4.0,65.0,3.0,4.0,99.0,3.0,0.0,1.0
57,19.0,19.0,2.0,1.0,20.0,3.0,1.0,34.0,3.0,0.0,0.0
58,60.0,21.0,4.0,1.0,21.0,4.0,1.0,35.0,7.0,1.0,302.0
59,57.0,2.0,4.0,2.0,2.0,4.0,2.0,4.0,7.0,3.0,104.0
60,62.0,29.0,4.0,3.0,28.0,4.0,3.0,46.0,7.0,3.0,194.0
61,21.0,27.0,2.0,3.0,27.0,3.0,3.0,45.0,3.0,0.0,1.0
62,33.0,69.0,2.0,7.0,69.0,3.0,7.0,107.0,3.0,0.0,0.0
63,15.0,0.0,2.0,2.0,1.0,3.0,2.0,3.0,3.0,0.0,0.0
64,73.0,67.0,4.0,4.0,66.0,4.0,4.0,100.0,7.0,3.0,148.0
65,74.0,71.0,4.0,7.0,70.0,4.0,7.0,108.0,7.0,3.0,172.0
66,76.0,79.0,4.0,0.0,78.0,4.0,0.0,126.0,7.0,3.0,84.0
67,32.0,65.0,2.0,4.0,65.0,3.0,4.0,99.0,3.0,0.0,1.0
68,18.0,17.0,2.0,5.0,18.0,3.0,5.0,31.0,3.0,0.0,0.0
69,17.0,9.0,2.0,10.0,10.0,3.0,10.0,17.0,3.0,0.0,0.0
70,57.0,2.0,4.0,2.0,2.0,4.0,2.0,4.0,7.0,3.0,117.0
71,16.0,4.0,2.0,8.0,5.0,3.0,8.0,9.0,3.0,0.0,0.0
72,62.0,29.0,4.0,3.0,28.0,4.0,3.0,46.0,7.0,3.0,224.0
73,19.0,19.0,2.0,1.0,20.0,3.0,1.0,34.0,3.0,0.0,0.0
74,33.0,69.0,2.0,7.0,69.0,3.0,7.0,107.0,3.0,0.0,0.0
75,35.0,77.0,2.0,0.0,77.0,3.0,0.0,125.0,3.0,0.0,0.0
76,21.0,27.0,2.0,3.0,27.0,3.0,3.0,45.0,3.0,0.0,1.0
77,15.0,0.0,2.0,2.0,1.0,3.0,2.0,3.0,3.0,0.0,0.0
78,73.0,67.0,4.0,4.0,66.0,4.0,4.0,100.0,7.0,3.0,182.0
79,32.0,65.0,2.0,4.0,65.0,3.0,4.0,99.0,3.0,0.0,1.0
80,74.0,71.0,4.0,7.0,70.0,4.0,7.0,108.0,7.0,3.0,83.0
81,76.0,79.0,4.0,0.0,78.0,4.0,0.0,126.0,7.0,3.0,191.0
82,18.0,17.0,2.0,5.0,18.0,3.0,5.0,31.0,3.0,0.0,0.0
83,57.0,2.0,4.0,2.0,2.0,4.0,2.0,4.0,7.0,3.0,186.0
84,17.0,9.0,2.0,10.0,10.0,3.0,10.0,17.0,3.0,0.0,0.0
85,43.0,32.0,3.0,11.0,31.0,3.0,11.0,50.0,6.0,1.0,302.0
86,16.0,4.0,2.0,8.0,5.0,3.0,8.0,9.0,3.0,0.0,0.0
87,19.0,19.0,2.0,1.0,20.0,3.0,1.0,34.0,3.0,0.0,0.0
88,21.0,27.0,2.0,3.0,27.0,3.0,3.0,45.0,3.0,0.0,1.0
89,33.0,69.0,2.0,7.0,69.0,3.0,7.0,107.0,3.0,0.0,0.0
90,75.0,76.0,4.0,6.0,75.0,4.0,6.0,120.0,7.0,3.0,73.0
91,62.0,29.0,4.0,3.0,28.0,4.0,3.0,46.0,7.0,3.0,200.0
92,15.0,0.0,2.0,2.0,1.0,3.0,2.0,3.0,3.0,0.0,0.0
93,73.0,67.0,4.0,4.0,66.0,4.0,4.0,100.0,7.0,3.0,271.0
94,32.0,65.0,2.0,4.0,65.0,3.0,4.0,99.0,3.0,0.0,1.0
95,18.0,17.0,2.0,5.0,18.0,3.0,5.0,31.0,3.0,0.0,0.0
96,76.0,79.0,4.0,0.0,78.0,4.0,0.0,126.0,7.0,3.0,59.0
97,74.0,71.0,4.0,7.0,70.0,4.0,7.0,108.0,7.0,3.0,41.0
98,61.0,24.0,4.0,9.0,24.0,4.0,9.0,39.0,7.0,1.0,302.0
99,57.0,2.0,4.0,2.0,2.0,4.0,2.0,4.0,7.0,3.0,118.0
100,55.0,75.0,3.0,6.0,74.0,3.0,6.0,119.0,3.0,3.0,1.0
101,17.0,9.0,2.0,10.0,10.0,3.0,10.0,17.0,3.0,0.0,0.0
102,21.0,27.0,2.0,3.0,27.0,3.0,3.0,45.0,3.0,0.0,1.0
103,19.0,19.0,2.0,1.0,20.0,3.0,1.0,34.0,3.0,0.0,0.0
104,16.0,4.0,2.0,8.0,5.0,3.0,8.0,9.0,3.0,0.0,0.0
105,62.0,29.0,4.0,3.0,28.0,4.0,3.0,46.0,7.0,3.0,58.0
106,34.0,74.0,2.0,6.0,74.0,3.0,6.0,119.0,3.0,0.0,1.0
107,35.0,77.0,2.0,0.0,77.0,3.0,0.0,125.0,3.0,0.0,0.0
108,73.0,67.0,4.0,4.0,66.0,4.0,4.0,100.0,7.0,3.0,8.0
109,18.0,17.0,2.0,5.0,18.0,3.0,5.0,31.0,3.0,0.0,0.0
110,75.0,76.0,4.0,6.0,75.0,4.0,6.0,120.0,7.0,3.0,259.0
111,55.0,75.0,3.0,6.0,74.0,3.0,6.0,118.0,0.0,3.0,4.0
112,63.0,33.0,4.0,11.0,32.0,4.0,11.0,52.0,7.0,1.0,302.0
113,22.0,31.0,2.0,11.0,30.0,2.0,11.0,49.0,5.0,1.0,302.0
114,15.0,0.0,2.0,2.0,1.0,3.0,2.0,3.0,3.0,0.0,0.0
115,33.0,69.0,2.0,7.0,69.0,3.0,7.0,107.0,3.0,0.0,0.0
116,34.0,74.0,2.0,6.0,73.0,2.0,6.0,116.0,3.0,3.0,1.0
117,32.0,65.0,2.0,4.0,65.0,3.0,4.0,99.0,3.0,0.0,1.0
118,44.0,36.0,3.0,13.0,35.0,3.0,13.0,56.0,6.0,1.0,302.0
119,76.0,79.0,4.0,0.0,78.0,4.0,0.0,126.0,7.0,3.0,133.0
120,74.0,71.0,4.0,7.0,70.0,4.0,7.0,108.0,7.0,3.0,213.0
121,57.0,2.0,4.0,2.0,2.0,4.0,2.0,4.0,7.0,3.0,248.0
122,64.0,37.0,4.0,13.0,36.0,4.0,13.0,58.0,7.0,1.0,302.0
123,62.0,29.0,4.0,3.0,28.0,4.0,3.0,46.0,7.0,3.0,48.0
124,75.0,76.0,4.0,6.0,75.0,4.0,6.0,120.0,7.0,3.0,34.0
125,19.0,19.0,2.0,1.0,20.0,3.0,1.0,34.0,3.0,0.0,0.0
126,21.0,27.0,2.0,3.0,27.0,3.0,3.0,45.0,3.0,0.0,1.0
127,16.0,4.0,2.0,8.0,5.0,3.0,8.0,9.0,3.0,0.0,0.0
128,33.0,69.0,2.0,7.0,69.0,3.0,7.0,107.0,3.0,0.0,0.0
129,73.0,67.0,4.0,4.0,66.0,4.0,4.0,100.0,7.0,3.0,78.0
130,15.0,0.0,2.0,2.0,1.0,3.0,2.0,3.0,3.0,0.0,0.0
131,35.0,77.0,2.0,0.0,77.0,3.0,0.0,125.0,3.0,0.0,0.0
132,17.0,9.0,2.0,10.0,10.0,3.0,10.0,17.0,3.0,0.0,0.0
133,32.0,65.0,2.0,4.0,65.0,3.0,4.0,99.0,3.0,0.0,1.0
134,18.0,17.0,2.0,5.0,18.0,3.0,5.0,31.0,3.0,0.0,0.0
135,60.0,21.0,4.0,1.0,21.0,4.0,1.0,35.0,7.0,3.0,219.0
136,34.0,74.0,2.0,6.0,74.0,3.0,6.0,119.0,3.0,0.0,1.0
137,21.0,27.0,2.0,3.0,27.0,3.0,3.0,45.0,3.0,0.0,1.0
138,33.0,69.0,2.0,7.0,69.0,3.0,7.0,107.0,3.0,0.0,0.0
139,16.0,4.0,2.0,8.0,5.0,3.0,8.0,9.0,3.0,0.0,0.0
140,19.0,19.0,2.0,1.0,20.0,3.0,1.0,34.0,3.0,0.0,0.0
141,32.0,65.0,2.0,4.0,65.0,3.0,4.0,99.0,3.0,0.0,1.0
142,17.0,9.0,2.0,10.0,10.0,3.0,10.0,17.0,3.0,0.0,0.0
143,57.0,2.0,4.0,2.0,2.0,4.0,2.0,4.0,7.0,3.0,98.0
144,74.0,71.0,4.0,7.0,70.0,4.0,7.0,108.0,7.0,3.0,253.0
145,73.0,67.0,4.0,4.0,66.0,4.0,4.0,100.0,7.0,3.0,31.0
146,75.0,76.0,4.0,6.0,75.0,4.0,6.0,120.0,7.0,3.0,121.0
147,76.0,79.0,4.0,0.0,78.0,4.0,0.0,126.0,7.0,3.0,258.0
148,62.0,29.0,4.0,3.0,28.0,4.0,3.0,46.0,7.0,3.0,21.0
149,59.0,11.0,4.0,10.0,11.0,4.0,10.0,18.0,7.0,3.0,126.0
150,18.0,17.0,2.0,5.0,18.0,3.0,5.0,31.0,3.0,0.0,0.0
151,35.0,77.0,2.0,0.0,77.0,3.0,0.0,125.0,3.0,0.0,0.0
152,15.0,0.0,2.0,2.0,1.0,3.0,2.0,3.0,3.0,0.0,0.0
153,45.0,39.0,3.0,14.0,38.0,3.0,14.0,60.0,6.0,1.0,302.0
154,23.0,35.0,2.0,13.0,34.0,2.0,13.0,55.0,5.0,1.0,302.0
155,60.0,21.0,4.0,1.0,21.0,4.0,1.0,35.0,7.0,3.0,227.0
156,34.0,74.0,2.0,6.0,74.0,3.0,6.0,119.0,3.0,0.0,1.0
157,16.0,4.0,2.0,8.0,5.0,3.0,8.0,9.0,3.0,0.0,0.0
158,76.0,79.0,4.0,0.0,78.0,4.0,0.0,126.0,7.0,3.0,44.0
159,57.0,2.0,4.0,2.0,2.0,4.0,2.0,4.0,7.0,3.0,210.0
160,74.0,71.0,4.0,7.0,70.0,4.0,7.0,108.0,7.0,3.0,80.0
161,75.0,76.0,4.0,6.0,75.0,4.0,6.0,120.0,7.0,3.0,156.0
162,73.0,67.0,4.0,4.0,66.0,4.0,4.0,100.0,7.0,3.0,135.0
163,21.0,27.0,2.0,3.0,27.0,3.0,3.0,45.0,3.0,0.0,1.0
164,19.0,19.0,2.0,1.0,20.0,3.0,1.0,34.0,3.0,0.0,0.0
165,58.0,6.0,4.0,8.0,6.0,4.0,8.0,10.0,7.0,3.0,139.0
166,33.0,69.0,2.0,7.0,69.0,3.0,7.0,107.0,3.0,0.0,0.0
167,32.0,65.0,2.0,4.0,65.0,3.0,4.0,99.0,3.0,0.0,1.0
168,18.0,17.0,2.0,5.0,18.0,3.0,5.0,31.0,3.0,0.0,0.0
169,17.0,9.0,2.0,10.0,10.0,3.0,10.0,17.0,3.0,0.0,0.0
170,35.0,77.0,2.0,0.0,77.0,3.0,0.0,125.0,3.0,0.0,0.0
171,15.0,0.0,2.0,2.0,1.0,3.0,2.0,3.0,3.0,0.0,0.0
172,62.0,29.0,4.0,3.0,28.0,4.0,3.0,46.0,7.0,3.0,145.0
173,59.0,11.0,4.0,10.0,11.0,4.0,10.0,18.0,7.0,3.0,22.0
174,24.0,38.0,2.0,14.0,37.0,2.0,14.0,59.0,5.0,1.0,302.0
175,25.0,41.0,2.0,15.0,40.0,2.0,15.0,63.0,5.0,1.0,302.0
176,66.0,43.0,4.0,15.0,42.0,4.0,15.0,66.0,7.0,1.0,302.0
177,16.0,4.0,2.0,8.0,5.0,3.0,8.0,9.0,3.0,0.0,0.0
178,65.0,40.0,4.0,14.0,39.0,4.0,14.0,62.0,7.0,1.0,302.0
179,46.0,42.0,3.0,15.0,41.0,3.0,15.0,64.0,6.0,1.0,302.0
180,34.0,74.0,2.0,6.0,74.0,3.0,6.0,119.0,3.0,0.0,1.0
181,73.0,67.0,4.0,4.0,66.0,4.0,4.0,100.0,7.0,3.0,257.0
182,75.0,76.0,4.0,6.0,75.0,4.0,6.0,120.0,7.0,3.0,50.0
183,60.0,21.0,4.0,1.0,21.0,4.0,1.0,35.0,7.0,3.0,90.0
184,57.0,2.0,4.0,2.0,2.0,4.0,2.0,4.0,7.0,3.0,277.0
185,74.0,71.0,4.0,7.0,70.0,4.0,7.0,108.0,7.0,3.0,42.0
186,58.0,6.0,4.0,8.0,6.0,4.0,8.0,10.0,7.0,3.0,143.0
187,56.0,78.0,3.0,0.0,77.0,3.0,0.0,125.0,3.0,3.0,1.0
188,26.0,44.0,2.0,16.0,43.0,2.0,16.0,67.0,5.0,1.0,302.0
189,47.0,45.0,3.0,16.0,44.0,3.0,16.0,68.0,6.0,1.0,302.0
190,76.0,79.0,4.0,0.0,78.0,4.0,0.0,126.0,7.0,3.0,60.0
191,68.0,50.0,4.0,17.0,49.0,4.0,17.0,75.0,7.0,1.0,302.0
192,21.0,27.0,2.0,3.0,27.0,3.0,3.0,45.0,3.0,0.0,1.0
193,33.0,69.0,2.0,7.0,69.0,3.0,7.0,107.0,3.0,0.0,0.0
194,19.0,19.0,2.0,1.0,20.0,3.0,1.0,34.0,3.0,0.0,0.0
195,15.0,0.0,2.0,2.0,1.0,3.0,2.0,3.0,3.0,0.0,0.0
196,35.0,77.0,2.0,0.0,77.0,3.0,0.0,125.0,3.0,0.0,0.0
197,17.0,9.0,2.0,10.0,10.0,3.0,10.0,17.0,3.0,0.0,0.0
198,32.0,65.0,2.0,4.0,65.0,3.0,4.0,99.0,3.0,0.0,1.0
199,62.0,29.0,4.0,3.0,28.0,4.0,3.0,46.0,7.0,3.0,185.0
200,20.0,22.0,2.0,9.0,23.0,3.0,9.0,38.0,3.0,0.0,0.0
201,18.0,17.0,2.0,5.0,18.0,3.0,5.0,31.0,3.0,0.0,0.0
202,21.0,27.0,2.0,3.0,27.0,3.0,3.0,45.0,3.0,0.0,1.0
203,16.0,4.0,2.0,8.0,5.0,3.0,8.0,9.0,3.0,0.0,0.0
204,34.0,74.0,2.0,6.0,74.0,3.0,6.0,119.0,3.0,0.0,1.0
205,15.0,0.0,2.0,2.0,1.0,3.0,2.0,3.0,3.0,0.0,0.0
206,19.0,19.0,2.0,1.0,20.0,3.0,1.0,34.0,3.0,0.0,0.0
207,27.0,48.0,2.0,17.0,47.0,2.0,17.0,72.0,5.0,1.0,302.0
208,67.0,46.0,4.0,16.0,45.0,4.0,16.0,70.0,7.0,1.0,302.0
209,49.0,52.0,3.0,18.0,51.0,3.0,18.0,77.0,6.0,1.0,302.0
210,59.0,11.0,4.0,10.0,11.0,4.0,10.0,18.0,7.0,3.0,275.0
211,73.0,67.0,4.0,4.0,66.0,4.0,4.0,100.0,7.0,3.0,173.0
212,71.0,59.0,4.0,20.0,58.0,4.0,20.0,87.0,7.0,1.0,302.0
213,48.0,49.0,3.0,17.0,48.0,3.0,17.0,73.0,6.0,1.0,302.0
214,56.0,78.0,3.0,0.0,77.0,3.0,0.0,124.0,0.0,3.0,5.0
215,69.0,53.0,4.0,18.0,52.0,4.0,18.0,79.0,7.0,1.0,302.0
216,60.0,21.0,4.0,1.0,21.0,4.0,1.0,35.0,7.0,3.0,107.0
217,57.0,2.0,4.0,2.0,2.0,4.0,2.0,4.0,7.0,3.0,120.0
218,17.0,9.0,2.0,10.0,10.0,3.0,10.0,17.0,3.0,0.0,0.0
219,32.0,65.0,2.0,4.0,65.0,3.0,4.0,99.0,3.0,0.0,1.0
220,50.0,55.0,3.0,19.0,54.0,3.0,19.0,81.0,6.0,1.0,302.0
221,75.0,76.0,4.0,6.0,75.0,4.0,6.0,120.0,7.0,3.0,269.0
222,33.0,69.0,2.0,7.0,69.0,3.0,7.0,107.0,3.0,0.0,0.0
223,28.0,51.0,2.0,18.0,50.0,2.0,18.0,76.0,5.0,1.0,302.0
224,70.0,56.0,4.0,19.0,55.0,4.0,19.0,83.0,7.0,1.0,302.0
225,58.0,6.0,4.0,8.0,6.0,4.0,8.0,10.0,7.0,3.0,99.0
226,35.0,77.0,2.0,0.0,77.0,3.0,0.0,125.0,3.0,0.0,1.0
227,29.0,54.0,2.0,19.0,53.0,2.0,19.0,80.0,5.0,1.0,302.0
228,74.0,71.0,4.0,7.0,70.0,4.0,7.0,108.0,7.0,3.0,263.0
229,31.0,60.0,2.0,12.0,59.0,2.0,12.0,88.0,5.0,1.0,302.0
230,52.0,61.0,3.0,12.0,60.0,3.0,12.0,89.0,6.0,1.0,302.0
231,76.0,79.0,4.0,0.0,78.0,4.0,0.0,126.0,7.0,3.0,178.0
232,66.0,43.0,4.0,15.0,42.0,4.0,15.0,66.0,7.0,3.0,72.0
233,30.0,57.0,2.0,20.0,56.0,2.0,20.0,84.0,5.0,1.0,302.0
234,51.0,58.0,3.0,20.0,57.0,3.0,20.0,85.0,6.0,1.0,302.0
235,72.0,62.0,4.0,12.0,61.0,4.0,12.0,91.0,7.0,1.0,302.0
236,1.0,73.0,0.0,6.0,72.0,0.0,6.0,112.0,2.0,1.0,302.0
237,21.0,27.0,2.0,3.0,27.0,3.0,3.0,45.0,3.0,0.0,1.0
238,62.0,29.0,4.0,3.0,28.0,4.0,3.0,46.0,7.0,3.0,111.0
239,35.0,77.0,2.0,0.0,76.0,2.0,0.0,122.0,3.0,3.0,1.0
240,2.0,68.0,0.0,7.0,67.0,0.0,7.0,101.0,2.0,1.0,302.0
241,5.0,14.0,0.0,5.0,14.0,0.0,5.0,23.0,2.0,1.0,302.0
242,4.0,13.0,0.0,5.0,13.0,0.0,5.0,20.0,2.0,1.0,302.0
243,0.0,72.0,0.0,6.0,71.0,0.0,6.0,109.0,2.0,1.0,302.0
244,18.0,17.0,2.0,5.0,18.0,3.0,5.0,31.0,3.0,0.0,0.0
245,34.0,74.0,2.0,6.0,74.0,3.0,6.0,119.0,3.0,0.0,1.0
246,6.0,63.0,1.0,4.0,62.0,1.0,4.0,92.0,4.0,1.0,302.0
247,3.0,7.0,0.0,10.0,7.0,0.0,10.0,11.0,2.0,1.0,302.0
248,19.0,19.0,2.0,1.0,20.0,3.0,1.0,34.0,3.0,0.0,0.0
249,7.0,3.0,1.0,8.0,3.0,1.0,8.0,5.0,4.0,1.0,302.0
250,20.0,22.0,2.0,9.0,23.0,3.0,9.0,38.0,3.0,0.0,0.0
251,15.0,0.0,2.0,2.0,1.0,3.0,2.0,3.0,3.0,0.0,0.0
252,8.0,15.0,1.0,5.0,15.0,1.0,5.0,26.0,4.0,1.0,302.0
253,57.0,2.0,4.0,2.0,2.0,4.0,2.0,4.0,7.0,3.0,13.0
254,16.0,4.0,2.0,8.0,5.0,3.0,8.0,9.0,3.0,0.0,0.0
255,59.0,11.0,4.0,10.0,11.0,4.0,10.0,18.0,7.0,3.0,196.0
256,10.0,34.0,1.0,13.0,33.0,1.0,13.0,53.0,4.0,1.0,302.0
257,9.0,30.0,1.0,11.0,29.0,1.0,11.0,47.0,4.0,1.0,302.0
258,33.0,69.0,2.0,7.0,69.0,3.0,7.0,107.0,3.0,0.0,0.0
259,12.0,8.0,5.0,10.0,8.0,5.0,10.0,14.0,8.0,1.0,302.0
260,32.0,65.0,2.0,4.0,65.0,3.0,4.0,99.0,3.0,0.0,1.0
261,73.0,67.0,4.0,4.0,66.0,4.0,4.0,100.0,7.0,3.0,23.0
262,11.0,64.0,5.0,4.0,63.0,5.0,4.0,94.0,8.0,1.0,302.0
263,60.0,21.0,4.0,1.0,21.0,4.0,1.0,35.0,7.0,3.0,93.0
264,17.0,9.0,2.0,10.0,10.0,3.0,10.0,17.0,3.0,0.0,0.0
265,21.0,27.0,2.0,3.0,27.0,3.0,3.0,45.0,3.0,0.0,1.0
266,75.0,76.0,4.0,6.0,75.0,4.0,6.0,120.0,7.0,3.0,278.0
267,18.0,17.0,2.0,5.0,18.0,3.0,5.0,31.0,3.0,0.0,0.0
268,34.0,74.0,2.0,6.0,74.0,3.0,6.0,119.0,3.0,0.0,1.0
269,58.0,6.0,4.0,8.0,6.0,4.0,8.0,10.0,7.0,3.0,43.0
270,13.0,16.0,5.0,5.0,16.0,5.0,5.0,28.0,8.0,1.0,302.0
271,77.0,80.0,6.0,0.0,79.0,6.0,0.0,127.0,9.0,1.0,302.0
272,78.0,12.0,6.0,10.0,12.0,6.0,10.0,19.0,9.0,1.0,302.0
273,14.0,47.0,5.0,17.0,46.0,5.0,17.0,71.0,8.0,1.0,302.0
274,79.0,25.0,6.0,9.0,25.0,6.0,9.0,40.0,9.0,1.0,302.0
275,74.0,71.0,4.0,7.0,70.0,4.0,7.0,108.0,7.0,3.0,108.0
276,19.0,19.0,2.0,1.0,20.0,3.0,1.0,34.0,3.0,0.0,0.0
277,66.0,43.0,4.0,15.0,42.0,4.0,15.0,66.0,7.0,3.0,52.0
278,64.0,37.0,4.0,13.0,36.0,4.0,13.0,58.0,7.0,3.0,125.0
279,35.0,77.0,2.0,0.0,77.0,3.0,0.0,125.0,3.0,0.0,1.0
280,22.0,31.0,2.0,11.0,31.0,3.0,11.0,51.0,3.0,0.0,0.0
281,15.0,0.0,2.0,2.0,1.0,3.0,2.0,3.0,3.0,0.0,0.0
282,63.0,33.0,4.0,11.0,32.0,4.0,11.0,52.0,7.0,3.0,215.0
283,20.0,22.0,2.0,9.0,23.0,3.0,9.0,38.0,3.0,0.0,0.0
284,61.0,24.0,4.0,9.0,24.0,4.0,9.0,39.0,7.0,3.0,127.0
285,62.0,29.0,4.0,3.0,28.0,4.0,3.0,46.0,7.0,3.0,57.0
286,76.0,79.0,4.0,0.0,78.0,4.0,0.0,126.0,7.0,3.0,152.0
287,57.0,2.0,4.0,2.0,2.0,4.0,2.0,4.0,7.0,3.0,181.0
288,16.0,4.0,2.0,8.0,5.0,3.0,8.0,9.0,3.0,0.0,0.0
289,59.0,11.0,4.0,10.0,11.0,4.0,10.0,18.0,7.0,3.0,204.0
290,33.0,69.0,2.0,7.0,69.0,3.0,7.0,107.0,3.0,0.0,0.0
291,14.0,47.0,5.0,17.0,32.0,4.0,11.0,52.0,7.0,0.0,215.0
292,14.0,47.0,5.0,17.0,36.0,4.0,13.0,58.0,7.0,0.0,125.0
293,14.0,47.0,5.0,17.0,42.0,4.0,15.0,66.0,7.0,0.0,52.0
294,24.0,38.0,2.0,14.0,38.0,3.0,14.0,61.0,3.0,0.0,0.0
295,14.0,47.0,5.0,17.0,46.0,5.0,17.0,71.0,8.0,3.0,1.0
296,32.0,65.0,2.0,4.0,65.0,3.0,4.0,99.0,3.0,0.0,1.0
297,17.0,9.0,2.0,10.0,10.0,3.0,10.0,17.0,3.0,0.0,0.0
298,21.0,27.0,2.0,3.0,27.0,3.0,3.0,45.0,3.0,0.0,1.0
299,73.0,67.0,4.0,4.0,66.0,4.0,4.0,100.0,7.0,3.0,212.0
300,60.0,21.0,4.0,1.0,21.0,4.0,1.0,35.0,7.0,3.0,216.0
301,75.0,76.0,4.0,6.0,75.0,4.0,6.0,120.0,7.0,3.0,103.0
302,34.0,74.0,2.0,6.0,74.0,3.0,6.0,119.0,3.0,0.0,1.0
303,18.0,17.0,2.0,5.0,18.0,3.0,5.0,31.0,3.0,0.0,0.0
304,13.0,16.0,5.0,5.0,21.0,4.0,1.0,35.0,7.0,0.0,216.0
305,58.0,6.0,4.0,8.0,6.0,4.0,8.0,10.0,7.0,3.0,262.0
306,11.0,64.0,5.0,4.0,2.0,4.0,2.0,4.0,7.0,0.0,181.0
307,11.0,64.0,5.0,4.0,28.0,4.0,3.0,46.0,7.0,0.0,57.0
308,13.0,16.0,5.0,5.0,24.0,4.0,9.0,39.0,7.0,0.0,127.0
309,9.0,30.0,1.0,11.0,29.0,1.0,11.0,48.0,1.0,3.0,301.0
310,13.0,16.0,5.0,5.0,16.0,5.0,5.0,28.0,8.0,3.0,1.0
311,11.0,64.0,5.0,4.0,66.0,4.0,4.0,100.0,7.0,0.0,212.0
312,12.0,8.0,5.0,10.0,6.0,4.0,8.0,10.0,7.0,0.0,262.0
313,11.0,64.0,5.0,4.0,70.0,4.0,7.0,108.0,7.0,0.0,108.0
314,10.0,34.0,1.0,13.0,33.0,1.0,13.0,54.0,1.0,3.0,301.0
315,12.0,8.0,5.0,10.0,11.0,4.0,10.0,18.0,7.0,0.0,204.0
316,74.0,71.0,4.0,7.0,70.0,4.0,7.0,108.0,7.0,3.0,199.0
317,66.0,43.0,4.0,15.0,42.0,4.0,15.0,66.0,7.0,3.0,272.0
318,11.0,64.0,5.0,4.0,75.0,4.0,6.0,120.0,7.0,0.0,103.0
319,23.0,35.0,2.0,13.0,35.0,3.0,13.0,57.0,3.0,0.0,0.0
320,19.0,19.0,2.0,1.0,20.0,3.0,1.0,34.0,3.0,0.0,0.0
321,64.0,37.0,4.0,13.0,36.0,4.0,13.0,58.0,7.0,3.0,45.0
322,8.0,15.0,1.0,5.0,15.0,1.0,5.0,27.0,1.0,3.0,301.0
323,12.0,8.0,5.0,10.0,8.0,5.0,10.0,14.0,8.0,3.0,1.0
324,11.0,64.0,5.0,4.0,78.0,4.0,0.0,126.0,7.0,0.0,152.0
325,61.0,24.0,4.0,9.0,24.0,4.0,9.0,39.0,7.0,3.0,17.0
326,62.0,29.0,4.0,3.0,28.0,4.0,3.0,46.0,7.0,3.0,79.0
327,20.0,22.0,2.0,9.0,23.0,3.0,9.0,38.0,3.0,0.0,0.0
328,15.0,0.0,2.0,2.0,1.0,3.0,2.0,3.0,3.0,0.0,0.0
329,63.0,33.0,4.0,11.0,32.0,4.0,11.0,52.0,7.0,3.0,240.0
330,35.0,77.0,2.0,0.0,77.0,3.0,0.0,125.0,3.0,0.0,1.0
331,11.0,64.0,5.0,4.0,63.0,5.0,4.0,94.0,8.0,3.0,1.0
332,22.0,31.0,2.0,11.0,31.0,3.0,11.0,51.0,3.0,0.0,0.0
333,76.0,79.0,4.0,0.0,78.0,4.0,0.0,126.0,7.0,3.0,166.0
334,57.0,2.0,4.0,2.0,2.0,4.0,2.0,4.0,7.0,3.0,144.0
335,59.0,11.0,4.0,10.0,11.0,4.0,10.0,18.0,7.0,3.0,208.0
336,33.0,69.0,2.0,7.0,69.0,3.0,7.0,107.0,3.0,0.0,0.0
337,16.0,4.0,2.0,8.0,5.0,3.0,8.0,9.0,3.0,0.0,0.0
338,7.0,3.0,1.0,8.0,3.0,1.0,8.0,6.0,1.0,3.0,301.0
339,21.0,27.0,2.0,3.0,27.0,3.0,3.0,45.0,3.0,0.0,1.0
340,73.0,67.0,4.0,4.0,66.0,4.0,4.0,100.0,7.0,3.0,85.0
341,60.0,21.0,4.0,1.0,21.0,4.0,1.0,35.0,7.0,3.0,249.0
342,17.0,9.0,2.0,10.0,10.0,3.0,10.0,17.0,3.0,0.0,0.0
343,75.0,76.0,4.0,6.0,75.0,4.0,6.0,120.0,7.0,3.0,153.0
344,18.0,17.0,2.0,5.0,18.0,3.0,5.0,31.0,3.0,0.0,0.0
345,3.0,7.0,0.0,10.0,7.0,0.0,10.0,12.0,0.0,0.0,6.0
346,58.0,6.0,4.0,8.0,6.0,4.0,8.0,10.0,7.0,3.0,177.0
347,34.0,74.0,2.0,6.0,74.0,3.0,6.0,119.0,3.0,0.0,1.0
348,32.0,65.0,2.0,4.0,65.0,3.0,4.0,99.0,3.0,0.0,1.0
349,24.0,38.0,2.0,14.0,38.0,3.0,14.0,61.0,3.0,0.0,0.0
350,6.0,63.0,1.0,4.0,62.0,1.0,4.0,93.0,1.0,3.0,301.0
351,66.0,43.0,4.0,15.0,42.0,4.0,15.0,66.0,7.0,3.0,137.0
352,74.0,71.0,4.0,7.0,70.0,4.0,7.0,108.0,7.0,3.0,154.0
353,19.0,19.0,2.0,1.0,20.0,3.0,1.0,34.0,3.0,0.0,0.0
354,64.0,37.0,4.0,13.0,36.0,4.0,13.0,58.0,7.0,3.0,47.0
355,23.0,35.0,2.0,13.0,35.0,3.0,13.0,57.0,3.0,0.0,0.0
356,8.0,15.0,1.0,5.0,15.0,1.0,5.0,27.0,1.0,0.0,301.0
357,10.0,34.0,1.0,13.0,33.0,1.0,13.0,54.0,1.0,0.0,301.0
358,8.0,15.0,1.0,5.0,15.0,1.0,5.0,27.0,1.0,2.0,307.0
359,10.0,34.0,1.0,13.0,33.0,1.0,13.0,54.0,1.0,2.0,312.0
360,78.0,12.0,6.0,10.0,7.0,0.0,10.0,12.0,0.0,0.0,6.0
361,9.0,30.0,1.0,11.0,29.0,1.0,11.0,48.0,1.0,0.0,301.0
362,9.0,30.0,1.0,11.0,29.0,1.0,11.0,48.0,1.0,2.0,304.0
363,63.0,33.0,4.0,11.0,32.0,4.0,11.0,52.0,7.0,3.0,292.0
364,62.0,29.0,4.0,3.0,28.0,4.0,3.0,46.0,7.0,3.0,62.0
365,0.0,72.0,0.0,6.0,71.0,0.0,6.0,110.0,0.0,0.0,6.0
366,20.0,22.0,2.0,9.0,23.0,3.0,9.0,38.0,3.0,0.0,0.0
367,3.0,7.0,0.0,10.0,7.0,0.0,10.0,13.0,1.0,0.0,301.0
368,35.0,77.0,2.0,0.0,77.0,3.0,0.0,125.0,3.0,0.0,1.0
369,61.0,24.0,4.0,9.0,24.0,4.0,9.0,39.0,7.0,3.0,24.0
370,7.0,3.0,1.0,8.0,3.0,1.0,8.0,6.0,1.0,0.0,301.0
371,15.0,0.0,2.0,2.0,1.0,3.0,2.0,3.0,3.0,0.0,0.0
372,78.0,12.0,6.0,10.0,7.0,0.0,10.0,13.0,1.0,0.0,301.0
373,7.0,3.0,1.0,8.0,3.0,1.0,8.0,6.0,1.0,2.0,303.0
374,33.0,69.0,2.0,7.0,69.0,3.0,7.0,107.0,3.0,0.0,0.0
375,78.0,12.0,6.0,10.0,7.0,0.0,10.0,12.0,0.0,0.0,6.0
376,22.0,31.0,2.0,11.0,31.0,3.0,11.0,51.0,3.0,0.0,0.0
377,57.0,2.0,4.0,2.0,2.0,4.0,2.0,4.0,7.0,3.0,252.0
378,76.0,79.0,4.0,0.0,78.0,4.0,0.0,126.0,7.0,3.0,25.0
379,59.0,11.0,4.0,10.0,11.0,4.0,10.0,18.0,7.0,3.0,27.0
380,78.0,12.0,6.0,10.0,7.0,0.0,10.0,12.0,0.0,3.0,300.0
381,16.0,4.0,2.0,8.0,5.0,3.0,8.0,9.0,3.0,0.0,0.0
382,3.0,7.0,0.0,10.0,7.0,0.0,10.0,12.0,0.0,0.0,300.0
383,4.0,13.0,0.0,5.0,13.0,0.0,5.0,21.0,0.0,0.0,6.0
384,3.0,7.0,0.0,10.0,7.0,0.0,10.0,12.0,0.0,2.0,309.0
385,21.0,27.0,2.0,3.0,27.0,3.0,3.0,45.0,3.0,0.0,1.0
386,78.0,12.0,6.0,10.0,7.0,0.0,10.0,12.0,0.0,0.0,300.0
387,17.0,9.0,2.0,10.0,10.0,3.0,10.0,17.0,3.0,0.0,0.0
388,75.0,76.0,4.0,6.0,75.0,4.0,6.0,120.0,7.0,3.0,175.0
389,5.0,14.0,0.0,5.0,14.0,0.0,5.0,24.0,0.0,0.0,6.0
390,3.0,7.0,0.0,10.0,7.0,0.0,10.0,12.0,0.0,0.0,300.0
391,0.0,72.0,0.0,6.0,71.0,0.0,6.0,111.0,1.0,0.0,301.0
392,60.0,21.0,4.0,1.0,21.0,4.0,1.0,35.0,7.0,3.0,86.0
393,73.0,67.0,4.0,4.0,66.0,4.0,4.0,100.0,7.0,3.0,171.0
394,34.0,74.0,2.0,6.0,74.0,3.0,6.0,119.0,3.0,0.0,1.0
395,18.0,17.0,2.0,5.0,18.0,3.0,5.0,31.0,3.0,0.0,0.0
396,32.0,65.0,2.0,4.0,65.0,3.0,4.0,99.0,3.0,0.0,1.0
397,58.0,6.0,4.0,8.0,6.0,4.0,8.0,10.0,7.0,3.0,197.0
398,24.0,38.0,2.0,14.0,38.0,3.0,14.0,61.0,3.0,0.0,0.0
399,2.0,68.0,0.0,7.0,67.0,0.0,7.0,102.0,0.0,0.0,6.0
400,6.0,63.0,1.0,4.0,62.0,1.0,4.0,93.0,1.0,0.0,301.0
401,6.0,63.0,1.0,4.0,62.0,1.0,4.0,93.0,1.0,2.0,311.0
402,79.0,25.0,6.0,9.0,13.0,0.0,5.0,21.0,0.0,0.0,6.0
403,0.0,72.0,0.0,6.0,71.0,0.0,6.0,110.0,0.0,0.0,6.0
404,0.0,72.0,0.0,6.0,71.0,0.0,6.0,110.0,0.0,2.0,308.0
405,19.0,19.0,2.0,1.0,20.0,3.0,1.0,34.0,3.0,0.0,0.0
406,66.0,43.0,4.0,15.0,42.0,4.0,15.0,66.0,7.0,3.0,226.0
407,74.0,71.0,4.0,7.0,70.0,4.0,7.0,108.0,7.0,3.0,142.0
408,64.0,37.0,4.0,13.0,36.0,4.0,13.0,58.0,7.0,3.0,63.0
409,79.0,25.0,6.0,9.0,14.0,0.0,5.0,24.0,0.0,0.0,6.0
410,4.0,13.0,0.0,5.0,13.0,0.0,5.0,22.0,1.0,0.0,301.0
411,4.0,13.0,0.0,5.0,13.0,0.0,5.0,21.0,0.0,0.0,6.0
412,4.0,13.0,0.0,5.0,13.0,0.0,5.0,21.0,0.0,2.0,306.0
413,79.0,25.0,6.0,9.0,13.0,0.0,5.0,22.0,1.0,0.0,301.0
414,5.0,14.0,0.0,5.0,14.0,0.0,5.0,25.0,1.0,0.0,301.0
415,77.0,80.0,6.0,0.0,71.0,0.0,6.0,110.0,0.0,0.0,6.0
416,23.0,35.0,2.0,13.0,35.0,3.0,13.0,57.0,3.0,0.0,0.0
417,77.0,80.0,6.0,0.0,67.0,0.0,7.0,102.0,0.0,0.0,6.0
418,79.0,25.0,6.0,9.0,13.0,0.0,5.0,21.0,0.0,0.0,6.0
419,1.0,73.0,0.0,6.0,72.0,0.0,6.0,113.0,0.0,0.0,6.0
420,79.0,25.0,6.0,9.0,13.0,0.0,5.0,21.0,0.0,3.0,300.0
421,2.0,68.0,0.0,7.0,67.0,0.0,7.0,103.0,1.0,0.0,301.0
422,63.0,33.0,4.0,11.0,32.0,4.0,11.0,52.0,7.0,3.0,281.0
423,77.0,80.0,6.0,0.0,71.0,0.0,6.0,111.0,1.0,0.0,301.0
424,20.0,22.0,2.0,9.0,23.0,3.0,9.0,38.0,3.0,0.0,0.0
425,3.0,7.0,0.0,10.0,7.0,0.0,10.0,12.0,0.0,0.0,300.0
426,35.0,77.0,2.0,0.0,77.0,3.0,0.0,125.0,3.0,0.0,1.0
427,61.0,24.0,4.0,9.0,24.0,4.0,9.0,39.0,7.0,3.0,180.0
428,15.0,0.0,2.0,2.0,1.0,3.0,2.0,3.0,3.0,0.0,0.0
429,79.0,25.0,6.0,9.0,13.0,0.0,5.0,21.0,0.0,0.0,300.0
430,77.0,80.0,6.0,0.0,71.0,0.0,6.0,110.0,0.0,0.0,6.0
431,3.0,7.0,0.0,10.0,7.0,0.0,10.0,13.0,1.0,0.0,301.0
432,62.0,29.0,4.0,3.0,28.0,4.0,3.0,46.0,7.0,3.0,291.0
433,4.0,13.0,0.0,5.0,13.0,0.0,5.0,21.0,0.0,0.0,300.0
434,33.0,69.0,2.0,7.0,69.0,3.0,7.0,107.0,3.0,0.0,0.0
435,22.0,31.0,2.0,11.0,31.0,3.0,11.0,51.0,3.0,0.0,0.0
436,77.0,80.0,6.0,0.0,71.0,0.0,6.0,110.0,0.0,3.0,300.0
437,72.0,62.0,4.0,12.0,61.0,4.0,12.0,91.0,7.0,3.0,168.0
438,57.0,2.0,4.0,2.0,2.0,4.0,2.0,4.0,7.0,3.0,87.0
439,59.0,11.0,4.0,10.0,11.0,4.0,10.0,18.0,7.0,3.0,221.0
440,76.0,79.0,4.0,0.0,78.0,4.0,0.0,126.0,7.0,3.0,238.0
441,16.0,4.0,2.0,8.0,5.0,3.0,8.0,9.0,3.0,0.0,0.0
442,77.0,80.0,6.0,0.0,71.0,0.0,6.0,110.0,0.0,0.0,300.0
443,78.0,12.0,6.0,10.0,7.0,0.0,10.0,13.0,1.0,0.0,301.0
444,0.0,72.0,0.0,6.0,71.0,0.0,6.0,110.0,0.0,0.0,300.0
445,75.0,76.0,4.0,6.0,75.0,4.0,6.0,120.0,7.0,3.0,161.0
446,21.0,27.0,2.0,3.0,27.0,3.0,3.0,45.0,3.0,0.0,1.0
447,17.0,9.0,2.0,10.0,10.0,3.0,10.0,17.0,3.0,0.0,0.0
448,78.0,12.0,6.0,10.0,7.0,0.0,10.0,12.0,0.0,0.0,300.0
449,78.0,12.0,6.0,10.0,7.0,0.0,10.0,12.0,0.0,3.0,299.0
450,1.0,73.0,0.0,6.0,72.0,0.0,6.0,114.0,1.0,0.0,301.0
451,78.0,12.0,6.0,10.0,7.0,0.0,10.0,12.0,0.0,0.0,299.0
452,3.0,7.0,0.0,10.0,7.0,0.0,10.0,12.0,0.0,0.0,299.0
453,5.0,14.0,0.0,5.0,14.0,0.0,5.0,24.0,0.0,0.0,6.0
454,5.0,14.0,0.0,5.0,14.0,0.0,5.0,24.0,0.0,2.0,305.0
455,18.0,17.0,2.0,5.0,18.0,3.0,5.0,31.0,3.0,0.0,0.0
456,73.0,67.0,4.0,4.0,66.0,4.0,4.0,100.0,7.0,3.0,74.0
457,2.0,68.0,0.0,7.0,67.0,0.0,7.0,102.0,0.0,0.0,6.0
458,32.0,65.0,2.0,4.0,65.0,3.0,4.0,99.0,3.0,0.0,1.0
459,2.0,68.0,0.0,7.0,67.0,0.0,7.0,102.0,0.0,2.0,310.0
460,34.0,74.0,2.0,6.0,74.0,3.0,6.0,119.0,3.0,0.0,1.0
461,58.0,6.0,4.0,8.0,6.0,4.0,8.0,10.0,7.0,3.0,225.0
462,0.0,72.0,0.0,6.0,71.0,0.0,6.0,110.0,0.0,0.0,300.0
463,0.0,72.0,0.0,6.0,71.0,0.0,6.0,111.0,1.0,0.0,301.0
464,60.0,21.0,4.0,1.0,21.0,4.0,1.0,35.0,7.0,3.0,179.0
465,24.0,38.0,2.0,14.0,38.0,3.0,14.0,61.0,3.0,0.0,0.0
466,1.0,73.0,0.0,6.0,72.0,0.0,6.0,113.0,0.0,0.0,6.0
467,1.0,73.0,0.0,6.0,72.0,0.0,6.0,113.0,0.0,2.0,313.0
468,19.0,19.0,2.0,1.0,20.0,3.0,1.0,34.0,3.0,0.0,0.0
469,30.0,57.0,2.0,20.0,57.0,3.0,20.0,86.0,3.0,0.0,0.0
470,4.0,13.0,0.0,5.0,13.0,0.0,5.0,21.0,0.0,0.0,300.0
471,4.0,13.0,0.0,5.0,13.0,0.0,5.0,22.0,1.0,0.0,301.0
472,64.0,37.0,4.0,13.0,36.0,4.0,13.0,58.0,7.0,3.0,77.0
473,74.0,71.0,4.0,7.0,70.0,4.0,7.0,108.0,7.0,3.0,116.0
474,66.0,43.0,4.0,15.0,42.0,4.0,15.0,66.0,7.0,3.0,190.0
475,23.0,35.0,2.0,13.0,35.0,3.0,13.0,57.0,3.0,0.0,0.0
476,5.0,14.0,0.0,5.0,14.0,0.0,5.0,24.0,0.0,0.0,6.0
477,5.0,14.0,0.0,5.0,14.0,0.0,5.0,25.0,1.0,0.0,301.0
478,61.0,24.0,4.0,9.0,24.0,4.0,9.0,39.0,7.0,3.0,220.0
479,63.0,33.0,4.0,11.0,32.0,4.0,11.0,52.0,7.0,3.0,124.0
480,15.0,0.0,2.0,2.0,1.0,3.0,2.0,3.0,3.0,0.0,0.0
481,62.0,29.0,4.0,3.0,28.0,4.0,3.0,46.0,7.0,3.0,176.0
482,3.0,7.0,0.0,10.0,7.0,0.0,10.0,12.0,0.0,0.0,299.0
483,20.0,22.0,2.0,9.0,23.0,3.0,9.0,38.0,3.0,0.0,0.0
484,33.0,69.0,2.0,7.0,69.0,3.0,7.0,107.0,3.0,0.0,0.0
485,79.0,25.0,6.0,9.0,13.0,0.0,5.0,22.0,1.0,0.0,301.0
486,3.0,7.0,0.0,10.0,7.0,0.0,10.0,13.0,1.0,0.0,301.0
487,35.0,77.0,2.0,0.0,77.0,3.0,0.0,125.0,3.0,0.0,1.0
488,2.0,68.0,0.0,7.0,67.0,0.0,7.0,102.0,0.0,0.0,6.0
489,79.0,25.0,6.0,9.0,13.0,0.0,5.0,21.0,0.0,0.0,300.0
490,2.0,68.0,0.0,7.0,67.0,0.0,7.0,103.0,1.0,0.0,301.0
491,22.0,31.0,2.0,11.0,31.0,3.0,11.0,51.0,3.0,0.0,0.0
492,79.0,25.0,6.0,9.0,13.0,0.0,5.0,21.0,0.0,3.0,299.0
493,79.0,25.0,6.0,9.0,13.0,0.0,5.0,21.0,0.0,0.0,299.0
494,4.0,13.0,0.0,5.0,13.0,0.0,5.0,21.0,0.0,0.0,299.0
495,70.0,56.0,4.0,19.0,55.0,4.0,19.0,83.0,7.0,3.0,267.0
496,57.0,2.0,4.0,2.0,2.0,4.0,2.0,4.0,7.0,3.0,222.0
497,71.0,59.0,4.0,20.0,58.0,4.0,20.0,87.0,7.0,3.0,102.0
498,16.0,4.0,2.0,8.0,5.0,3.0,8.0,9.0,3.0,0.0,0.0
499,59.0,11.0,4.0,10.0,11.0,4.0,10.0,18.0,7.0,3.0,9.0
500,76.0,79.0,4.0,0.0,78.0,4.0,0.0,126.0,7.0,3.0,192.0
501,72.0,62.0,4.0,12.0,61.0,4.0,12.0,91.0,7.0,3.0,170.0
502,77.0,80.0,6.0,0.0,71.0,0.0,6.0,111.0,1.0,0.0,301.0
503,75.0,76.0,4.0,6.0,75.0,4.0,6.0,120.0,7.0,3.0,40.0
504,21.0,27.0,2.0,3.0,27.0,3.0,3.0,45.0,3.0,0.0,1.0
505,17.0,9.0,2.0,10.0,10.0,3.0,10.0,17.0,3.0,0.0,0.0
506,77.0,80.0,6.0,0.0,71.0,0.0,6.0,110.0,0.0,0.0,300.0
507,69.0,53.0,4.0,18.0,52.0,4.0,18.0,79.0,7.0,3.0,18.0
508,77.0,80.0,6.0,0.0,71.0,0.0,6.0,110.0,0.0,3.0,299.0
509,0.0,72.0,0.0,6.0,71.0,0.0,6.0,110.0,0.0,0.0,299.0
510,77.0,80.0,6.0,0.0,71.0,0.0,6.0,110.0,0.0,0.0,299.0
511,67.0,46.0,4.0,16.0,45.0,4.0,16.0,70.0,7.0,3.0,290.0
512,78.0,12.0,6.0,10.0,7.0,0.0,10.0,13.0,1.0,0.0,301.0
513,18.0,17.0,2.0,5.0,18.0,3.0,5.0,31.0,3.0,0.0,0.0
514,32.0,65.0,2.0,4.0,65.0,3.0,4.0,99.0,3.0,0.0,1.0
515,27.0,48.0,2.0,17.0,48.0,3.0,17.0,74.0,3.0,0.0,0.0
516,73.0,67.0,4.0,4.0,66.0,4.0,4.0,100.0,7.0,3.0,164.0
517,78.0,12.0,6.0,10.0,7.0,0.0,10.0,12.0,0.0,0.0,299.0
518,34.0,74.0,2.0,6.0,74.0,3.0,6.0,119.0,3.0,0.0,1.0
519,78.0,12.0,6.0,10.0,7.0,0.0,10.0,12.0,0.0,3.0,298.0
520,78.0,12.0,6.0,10.0,7.0,0.0,10.0,12.0,0.0,0.0,298.0
521,58.0,6.0,4.0,8.0,6.0,4.0,8.0,10.0,7.0,3.0,46.0
522,3.0,7.0,0.0,10.0,7.0,0.0,10.0,12.0,0.0,0.0,298.0
523,1.0,73.0,0.0,6.0,72.0,0.0,6.0,113.0,0.0,0.0,6.0
524,1.0,73.0,0.0,6.0,72.0,0.0,6.0,114.0,1.0,0.0,301.0
525,0.0,72.0,0.0,6.0,71.0,0.0,6.0,110.0,0.0,0.0,299.0
526,60.0,21.0,4.0,1.0,21.0,4.0,1.0,35.0,7.0,3.0,201.0
527,0.0,72.0,0.0,6.0,71.0,0.0,6.0,111.0,1.0,0.0,301.0
528,24.0,38.0,2.0,14.0,38.0,3.0,14.0,61.0,3.0,0.0,0.0
529,68.0,50.0,4.0,17.0,49.0,4.0,17.0,75.0,7.0,3.0,239.0
530,26.0,44.0,2.0,16.0,44.0,3.0,16.0,69.0,3.0,0.0,0.0
531,19.0,19.0,2.0,1.0,20.0,3.0,1.0,34.0,3.0,0.0,0.0
532,4.0,13.0,0.0,5.0,13.0,0.0,5.0,21.0,0.0,0.0,299.0
533,4.0,13.0,0.0,5.0,13.0,0.0,5.0,22.0,1.0,0.0,301.0
534,64.0,37.0,4.0,13.0,36.0,4.0,13.0,58.0,7.0,3.0,268.0
535,74.0,71.0,4.0,7.0,70.0,4.0,7.0,108.0,7.0,3.0,157.0
536,65.0,40.0,4.0,14.0,39.0,4.0,14.0,62.0,7.0,3.0,112.0
537,23.0,35.0,2.0,13.0,35.0,3.0,13.0,57.0,3.0,0.0,0.0
538,66.0,43.0,4.0,15.0,42.0,4.0,15.0,66.0,7.0,3.0,235.0
539,5.0,14.0,0.0,5.0,14.0,0.0,5.0,24.0,0.0,0.0,6.0
540,30.0,57.0,2.0,20.0,57.0,3.0,20.0,86.0,3.0,0.0,0.0
541,5.0,14.0,0.0,5.0,14.0,0.0,5.0,25.0,1.0,0.0,301.0
542,31.0,60.0,2.0,12.0,60.0,3.0,12.0,90.0,3.0,0.0,0.0
543,15.0,0.0,2.0,2.0,1.0,3.0,2.0,3.0,3.0,0.0,0.0
544,29.0,54.0,2.0,19.0,54.0,3.0,19.0,82.0,3.0,0.0,0.0
545,61.0,24.0,4.0,9.0,24.0,4.0,9.0,39.0,7.0,3.0,231.0
546,63.0,33.0,4.0,11.0,32.0,4.0,11.0,52.0,7.0,3.0,229.0
547,62.0,29.0,4.0,3.0,28.0,4.0,3.0,46.0,7.0,3.0,245.0
548,35.0,77.0,2.0,0.0,77.0,3.0,0.0,125.0,3.0,0.0,1.0
549,33.0,69.0,2.0,7.0,69.0,3.0,7.0,107.0,3.0,0.0,0.0
550,20.0,22.0,2.0,9.0,23.0,3.0,9.0,38.0,3.0,0.0,0.0
551,3.0,7.0,0.0,10.0,7.0,0.0,10.0,12.0,0.0,0.0,298.0
552,2.0,68.0,0.0,7.0,67.0,0.0,7.0,102.0,0.0,0.0,6.0
553,3.0,7.0,0.0,10.0,7.0,0.0,10.0,13.0,1.0,0.0,301.0
554,2.0,68.0,0.0,7.0,67.0,0.0,7.0,103.0,1.0,0.0,301.0
555,22.0,31.0,2.0,11.0,31.0,3.0,11.0,51.0,3.0,0.0,0.0
556,79.0,25.0,6.0,9.0,13.0,0.0,5.0,22.0,1.0,0.0,301.0
557,79.0,25.0,6.0,9.0,13.0,0.0,5.0,21.0,0.0,0.0,299.0
558,79.0,25.0,6.0,9.0,13.0,0.0,5.0,21.0,0.0,3.0,298.0
559,4.0,13.0,0.0,5.0,13.0,0.0,5.0,21.0,0.0,0.0,298.0
560,79.0,25.0,6.0,9.0,13.0,0.0,5.0,21.0,0.0,0.0,298.0
561,28.0,51.0,2.0,18.0,51.0,3.0,18.0,78.0,3.0,0.0,0.0
562,70.0,56.0,4.0,19.0,55.0,4.0,19.0,83.0,7.0,3.0,288.0
563,57.0,2.0,4.0,2.0,2.0,4.0,2.0,4.0,7.0,3.0,160.0
564,71.0,59.0,4.0,20.0,58.0,4.0,20.0,87.0,7.0,3.0,27.0
565,16.0,4.0,2.0,8.0,5.0,3.0,8.0,9.0,3.0,0.0,0.0
566,76.0,79.0,4.0,0.0,78.0,4.0,0.0,126.0,7.0,3.0,100.0
567,59.0,11.0,4.0,10.0,11.0,4.0,10.0,18.0,7.0,3.0,158.0
568,72.0,62.0,4.0,12.0,61.0,4.0,12.0,91.0,7.0,3.0,28.0
569,21.0,27.0,2.0,3.0,27.0,3.0,3.0,45.0,3.0,0.0,1.0
570,75.0,76.0,4.0,6.0,75.0,4.0,6.0,120.0,7.0,3.0,242.0
571,17.0,9.0,2.0,10.0,10.0,3.0,10.0,17.0,3.0,0.0,0.0
572,69.0,53.0,4.0,18.0,52.0,4.0,18.0,79.0,7.0,3.0,241.0
573,77.0,80.0,6.0,0.0,71.0,0.0,6.0,111.0,1.0,0.0,301.0
574,77.0,80.0,6.0,0.0,71.0,0.0,6.0,110.0,0.0,0.0,299.0
575,77.0,80.0,6.0,0.0,71.0,0.0,6.0,110.0,0.0,3.0,298.0
576,0.0,72.0,0.0,6.0,71.0,0.0,6.0,110.0,0.0,0.0,298.0
577,67.0,46.0,4.0,16.0,45.0,4.0,16.0,70.0,7.0,3.0,131.0
578,73.0,67.0,4.0,4.0,66.0,4.0,4.0,100.0,7.0,3.0,174.0
579,18.0,17.0,2.0,5.0,18.0,3.0,5.0,31.0,3.0,0.0,0.0
580,32.0,65.0,2.0,4.0,65.0,3.0,4.0,99.0,3.0,0.0,1.0
581,77.0,80.0,6.0,0.0,71.0,0.0,6.0,110.0,0.0,0.0,298.0
582,78.0,12.0,6.0,10.0,7.0,0.0,10.0,13.0,1.0,0.0,301.0
583,58.0,6.0,4.0,8.0,6.0,4.0,8.0,10.0,7.0,3.0,114.0
584,34.0,74.0,2.0,6.0,74.0,3.0,6.0,119.0,3.0,0.0,1.0
585,25.0,41.0,2.0,15.0,41.0,3.0,15.0,65.0,3.0,0.0,0.0
586,78.0,12.0,6.0,10.0,7.0,0.0,10.0,12.0,0.0,0.0,298.0
587,1.0,73.0,0.0,6.0,72.0,0.0,6.0,113.0,0.0,0.0,6.0
588,78.0,12.0,6.0,10.0,7.0,0.0,10.0,12.0,0.0,3.0,297.0
589,60.0,21.0,4.0,1.0,21.0,4.0,1.0,35.0,7.0,3.0,140.0
590,24.0,38.0,2.0,14.0,38.0,3.0,14.0,61.0,3.0,0.0,0.0
591,0.0,72.0,0.0,6.0,71.0,0.0,6.0,110.0,0.0,0.0,298.0
592,3.0,7.0,0.0,10.0,7.0,0.0,10.0,12.0,0.0,0.0,297.0
593,27.0,48.0,2.0,17.0,48.0,3.0,17.0,74.0,3.0,0.0,0.0
594,0.0,72.0,0.0,6.0,71.0,0.0,6.0,111.0,1.0,0.0,301.0
595,68.0,50.0,4.0,17.0,49.0,4.0,17.0,75.0,7.0,3.0,206.0
596,78.0,12.0,6.0,10.0,7.0,0.0,10.0,12.0,0.0,0.0,297.0
597,1.0,73.0,0.0,6.0,72.0,0.0,6.0,114.0,1.0,0.0,301.0
598,19.0,19.0,2.0,1.0,20.0,3.0,1.0,34.0,3.0,0.0,0.0
599,4.0,13.0,0.0,5.0,13.0,0.0,5.0,21.0,0.0,0.0,298.0
600,4.0,13.0,0.0,5.0,13.0,0.0,5.0,22.0,1.0,0.0,301.0
601,26.0,44.0,2.0,16.0,44.0,3.0,16.0,69.0,3.0,0.0,0.0
602,74.0,71.0,4.0,7.0,70.0,4.0,7.0,108.0,7.0,3.0,247.0
603,65.0,40.0,4.0,14.0,39.0,4.0,14.0,62.0,7.0,3.0,195.0
604,23.0,35.0,2.0,13.0,35.0,3.0,13.0,57.0,3.0,0.0,0.0
605,64.0,37.0,4.0,13.0,36.0,4.0,13.0,58.0,7.0,3.0,69.0
606,66.0,43.0,4.0,15.0,42.0,4.0,15.0,66.0,7.0,3.0,33.0
607,30.0,57.0,2.0,20.0,57.0,3.0,20.0,86.0,3.0,0.0,0.0
608,5.0,14.0,0.0,5.0,14.0,0.0,5.0,24.0,0.0,0.0,6.0
609,5.0,14.0,0.0,5.0,14.0,0.0,5.0,25.0,1.0,0.0,301.0
610,15.0,0.0,2.0,2.0,1.0,3.0,2.0,3.0,3.0,0.0,0.0
611,63.0,33.0,4.0,11.0,32.0,4.0,11.0,52.0,7.0,3.0,68.0
612,31.0,60.0,2.0,12.0,60.0,3.0,12.0,90.0,3.0,0.0,0.0
613,61.0,24.0,4.0,9.0,24.0,4.0,9.0,39.0,7.0,3.0,22.0
614,62.0,29.0,4.0,3.0,28.0,4.0,3.0,46.0,7.0,3.0,259.0
615,33.0,69.0,2.0,7.0,69.0,3.0,7.0,107.0,3.0,0.0,0.0
616,20.0,22.0,2.0,9.0,23.0,3.0,9.0,38.0,3.0,0.0,0.0
617,29.0,54.0,2.0,19.0,54.0,3.0,19.0,82.0,3.0,0.0,0.0
618,35.0,77.0,2.0,0.0,77.0,3.0,0.0,125.0,3.0,0.0,1.0
619,3.0,7.0,0.0,10.0,7.0,0.0,10.0,12.0,0.0,0.0,297.0
620,22.0,31.0,2.0,11.0,31.0,3.0,11.0,51.0,3.0,0.0,0.0
621,2.0,68.0,0.0,7.0,67.0,0.0,7.0,102.0,0.0,0.0,6.0
622,2.0,68.0,0.0,7.0,67.0,0.0,7.0,103.0,1.0,0.0,301.0
623,3.0,7.0,0.0,10.0,7.0,0.0,10.0,13.0,1.0,0.0,301.0
624,79.0,25.0,6.0,9.0,13.0,0.0,5.0,22.0,1.0,0.0,301.0
625,79.0,25.0,6.0,9.0,13.0,0.0,5.0,21.0,0.0,0.0,298.0
626,79.0,25.0,6.0,9.0,13.0,0.0,5.0,21.0,0.0,3.0,297.0
627,4.0,13.0,0.0,5.0,13.0,0.0,5.0,21.0,0.0,0.0,297.0
628,79.0,25.0,6.0,9.0,13.0,0.0,5.0,21.0,0.0,0.0,297.0
629,70.0,56.0,4.0,19.0,55.0,4.0,19.0,83.0,7.0,3.0,30.0
630,28.0,51.0,2.0,18.0,51.0,3.0,18.0,78.0,3.0,0.0,0.0
631,57.0,2.0,4.0,2.0,2.0,4.0,2.0,4.0,7.0,3.0,64.0
632,71.0,59.0,4.0,20.0,58.0,4.0,20.0,87.0,7.0,3.0,237.0
633,16.0,4.0,2.0,8.0,5.0,3.0,8.0,9.0,3.0,0.0,0.0
634,76.0,79.0,4.0,0.0,78.0,4.0,0.0,126.0,7.0,3.0,101.0
635,59.0,11.0,4.0,10.0,11.0,4.0,10.0,18.0,7.0,3.0,218.0
636,72.0,62.0,4.0,12.0,61.0,4.0,12.0,91.0,7.0,3.0,187.0
637,21.0,27.0,2.0,3.0,27.0,3.0,3.0,45.0,3.0,0.0,1.0
638,75.0,76.0,4.0,6.0,75.0,4.0,6.0,120.0,7.0,3.0,141.0
639,17.0,9.0,2.0,10.0,10.0,3.0,10.0,17.0,3.0,0.0,0.0
640,69.0,53.0,4.0,18.0,52.0,4.0,18.0,79.0,7.0,3.0,106.0
641,18.0,17.0,2.0,5.0,18.0,3.0,5.0,31.0,3.0,0.0,0.0
642,32.0,65.0,2.0,4.0,65.0,3.0,4.0,99.0,3.0,0.0,1.0
643,77.0,80.0,6.0,0.0,71.0,0.0,6.0,111.0,1.0,0.0,301.0
644,77.0,80.0,6.0,0.0,71.0,0.0,6.0,110.0,0.0,0.0,298.0
645,77.0,80.0,6.0,0.0,71.0,0.0,6.0,110.0,0.0,3.0,297.0
646,73.0,67.0,4.0,4.0,66.0,4.0,4.0,100.0,7.0,3.0,169.0
647,58.0,6.0,4.0,8.0,6.0,4.0,8.0,10.0,7.0,3.0,89.0
648,67.0,46.0,4.0,16.0,45.0,4.0,16.0,70.0,7.0,3.0,155.0
649,34.0,74.0,2.0,6.0,74.0,3.0,6.0,119.0,3.0,0.0,1.0
650,77.0,80.0,6.0,0.0,71.0,0.0,6.0,110.0,0.0,0.0,297.0
651,0.0,72.0,0.0,6.0,71.0,0.0,6.0,110.0,0.0,0.0,297.0
652,25.0,41.0,2.0,15.0,41.0,3.0,15.0,65.0,3.0,0.0,0.0
653,60.0,21.0,4.0,1.0,21.0,4.0,1.0,35.0,7.0,3.0,250.0
654,24.0,38.0,2.0,14.0,38.0,3.0,14.0,61.0,3.0,0.0,0.0
655,0.0,72.0,0.0,6.0,71.0,0.0,6.0,110.0,0.0,0.0,297.0
656,68.0,50.0,4.0,17.0,49.0,4.0,17.0,75.0,7.0,3.0,256.0
657,78.0,12.0,6.0,10.0,7.0,0.0,10.0,13.0,1.0,0.0,301.0
658,1.0,73.0,0.0,6.0,72.0,0.0,6.0,113.0,0.0,0.0,6.0
659,27.0,48.0,2.0,17.0,48.0,3.0,17.0,74.0,3.0,0.0,0.0
660,78.0,12.0,6.0,10.0,7.0,0.0,10.0,12.0,0.0,0.0,297.0
661,78.0,12.0,6.0,10.0,7.0,0.0,10.0,12.0,0.0,3.0,295.0
662,0.0,72.0,0.0,6.0,71.0,0.0,6.0,111.0,1.0,0.0,301.0
663,1.0,73.0,0.0,6.0,72.0,0.0,6.0,114.0,1.0,0.0,301.0
664,19.0,19.0,2.0,1.0,20.0,3.0,1.0,34.0,3.0,0.0,0.0
665,3.0,7.0,0.0,10.0,7.0,0.0,10.0,12.0,0.0,0.0,295.0
666,78.0,12.0,6.0,10.0,7.0,0.0,10.0,12.0,0.0,0.0,295.0
667,4.0,13.0,0.0,5.0,13.0,0.0,5.0,21.0,0.0,0.0,297.0
668,4.0,13.0,0.0,5.0,13.0,0.0,5.0,22.0,1.0,0.0,301.0
669,26.0,44.0,2.0,16.0,44.0,3.0,16.0,69.0,3.0,0.0,0.0
670,74.0,71.0,4.0,7.0,70.0,4.0,7.0,108.0,7.0,3.0,167.0
671,65.0,40.0,4.0,14.0,39.0,4.0,14.0,62.0,7.0,3.0,273.0
672,23.0,35.0,2.0,13.0,35.0,3.0,13.0,57.0,3.0,0.0,0.0
673,64.0,37.0,4.0,13.0,36.0,4.0,13.0,58.0,7.0,3.0,146.0
674,66.0,43.0,4.0,15.0,42.0,4.0,15.0,66.0,7.0,3.0,113.0
675,30.0,57.0,2.0,20.0,57.0,3.0,20.0,86.0,3.0,0.0,0.0
676,5.0,14.0,0.0,5.0,14.0,0.0,5.0,24.0,0.0,0.0,6.0
677,5.0,14.0,0.0,5.0,14.0,0.0,5.0,25.0,1.0,0.0,301.0
678,15.0,0.0,2.0,2.0,1.0,3.0,2.0,3.0,3.0,0.0,0.0
679,63.0,33.0,4.0,11.0,32.0,4.0,11.0,52.0,7.0,3.0,134.0
680,31.0,60.0,2.0,12.0,60.0,3.0,12.0,90.0,3.0,0.0,0.0
681,61.0,24.0,4.0,9.0,24.0,4.0,9.0,39.0,7.0,3.0,260.0
682,62.0,29.0,4.0,3.0,28.0,4.0,3.0,46.0,7.0,3.0,41.0
683,20.0,22.0,2.0,9.0,23.0,3.0,9.0,38.0,3.0,0.0,0.0
684,33.0,69.0,2.0,7.0,69.0,3.0,7.0,107.0,3.0,0.0,0.0
685,29.0,54.0,2.0,19.0,54.0,3.0,19.0,82.0,3.0,0.0,0.0
686,35.0,77.0,2.0,0.0,77.0,3.0,0.0,125.0,3.0,0.0,1.0
687,22.0,31.0,2.0,11.0,31.0,3.0,11.0,51.0,3.0,0.0,0.0
688,2.0,68.0,0.0,7.0,67.0,0.0,7.0,102.0,0.0,0.0,6.0
689,2.0,68.0,0.0,7.0,67.0,0.0,7.0,103.0,1.0,0.0,301.0
690,3.0,7.0,0.0,10.0,7.0,0.0,10.0,12.0,0.0,0.0,295.0
691,3.0,7.0,0.0,10.0,7.0,0.0,10.0,13.0,1.0,0.0,301.0
692,79.0,25.0,6.0,9.0,13.0,0.0,5.0,22.0,1.0,0.0,301.0
693,70.0,56.0,4.0,19.0,55.0,4.0,19.0,83.0,7.0,3.0,14.0
694,79.0,25.0,6.0,9.0,13.0,0.0,5.0,21.0,0.0,0.0,297.0
695,79.0,25.0,6.0,9.0,13.0,0.0,5.0,21.0,0.0,3.0,295.0
696,4.0,13.0,0.0,5.0,13.0,0.0,5.0,21.0,0.0,0.0,295.0
697,79.0,25.0,6.0,9.0,13.0,0.0,5.0,21.0,0.0,0.0,295.0
698,28.0,51.0,2.0,18.0,51.0,3.0,18.0,78.0,3.0,0.0,0.0
699,57.0,2.0,4.0,2.0,2.0,4.0,2.0,4.0,7.0,3.0,244.0
700,16.0,4.0,2.0,8.0,5.0,3.0,8.0,9.0,3.0,0.0,0.0
701,76.0,79.0,4.0,0.0,78.0,4.0,0.0,126.0,7.0,3.0,130.0
702,71.0,59.0,4.0,20.0,58.0,4.0,20.0,87.0,7.0,3.0,287.0
703,59.0,11.0,4.0,10.0,11.0,4.0,10.0,18.0,7.0,3.0,189.0
704,72.0,62.0,4.0,12.0,61.0,4.0,12.0,91.0,7.0,3.0,129.0
705,21.0,27.0,2.0,3.0,27.0,3.0,3.0,45.0,3.0,0.0,1.0
706,69.0,53.0,4.0,18.0,52.0,4.0,18.0,79.0,7.0,3.0,97.0
707,75.0,76.0,4.0,6.0,75.0,4.0,6.0,120.0,7.0,3.0,205.0
708,17.0,9.0,2.0,10.0,10.0,3.0,10.0,17.0,3.0,0.0,0.0
709,18.0,17.0,2.0,5.0,18.0,3.0,5.0,31.0,3.0,0.0,0.0
710,32.0,65.0,2.0,4.0,65.0,3.0,4.0,99.0,3.0,0.0,1.0
711,73.0,67.0,4.0,4.0,66.0,4.0,4.0,100.0,7.0,3.0,255.0
712,58.0,6.0,4.0,8.0,6.0,4.0,8.0,10.0,7.0,3.0,266.0
713,67.0,46.0,4.0,16.0,45.0,4.0,16.0,70.0,7.0,3.0,54.0
714,34.0,74.0,2.0,6.0,74.0,3.0,6.0,119.0,3.0,0.0,1.0
715,77.0,80.0,6.0,0.0,71.0,0.0,6.0,111.0,1.0,0.0,301.0
716,77.0,80.0,6.0,0.0,71.0,0.0,6.0,110.0,0.0,0.0,297.0
717,77.0,80.0,6.0,0.0,71.0,0.0,6.0,110.0,0.0,3.0,295.0
718,0.0,72.0,0.0,6.0,71.0,0.0,6.0,110.0,0.0,0.0,295.0
719,60.0,21.0,4.0,1.0,21.0,4.0,1.0,35.0,7.0,3.0,223.0
720,77.0,80.0,6.0,0.0,71.0,0.0,6.0,110.0,0.0,0.0,295.0
721,25.0,41.0,2.0,15.0,41.0,3.0,15.0,65.0,3.0,0.0,0.0
722,24.0,38.0,2.0,14.0,38.0,3.0,14.0,61.0,3.0,0.0,0.0
723,68.0,50.0,4.0,17.0,49.0,4.0,17.0,75.0,7.0,3.0,184.0
724,27.0,48.0,2.0,17.0,48.0,3.0,17.0,74.0,3.0,0.0,0.0
725,0.0,72.0,0.0,6.0,71.0,0.0,6.0,110.0,0.0,0.0,295.0
726,1.0,73.0,0.0,6.0,72.0,0.0,6.0,113.0,0.0,0.0,6.0
727,1.0,73.0,0.0,6.0,72.0,0.0,6.0,114.0,1.0,0.0,301.0
728,0.0,72.0,0.0,6.0,71.0,0.0,6.0,111.0,1.0,0.0,301.0
729,19.0,19.0,2.0,1.0,20.0,3.0,1.0,34.0,3.0,0.0,0.0
730,78.0,12.0,6.0,10.0,7.0,0.0,10.0,13.0,1.0,0.0,301.0
731,78.0,12.0,6.0,10.0,7.0,0.0,10.0,12.0,0.0,0.0,295.0
732,78.0,12.0,6.0,10.0,7.0,0.0,10.0,12.0,0.0,3.0,294.0
733,3.0,7.0,0.0,10.0,7.0,0.0,10.0,12.0,0.0,0.0,294.0
734,78.0,12.0,6.0,10.0,7.0,0.0,10.0,12.0,0.0,0.0,294.0
735,4.0,13.0,0.0,5.0,13.0,0.0,5.0,21.0,0.0,0.0,295.0
736,4.0,13.0,0.0,5.0,13.0,0.0,5.0,22.0,1.0,0.0,301.0
737,26.0,44.0,2.0,16.0,44.0,3.0,16.0,69.0,3.0,0.0,0.0
738,74.0,71.0,4.0,7.0,70.0,4.0,7.0,108.0,7.0,3.0,122.0
739,23.0,35.0,2.0,13.0,35.0,3.0,13.0,57.0,3.0,0.0,0.0
740,65.0,40.0,4.0,14.0,39.0,4.0,14.0,62.0,7.0,3.0,289.0
741,64.0,37.0,4.0,13.0,36.0,4.0,13.0,58.0,7.0,3.0,16.0
742,66.0,43.0,4.0,15.0,42.0,4.0,15.0,66.0,7.0,3.0,254.0
743,30.0,57.0,2.0,20.0,57.0,3.0,20.0,86.0,3.0,0.0,0.0
744,5.0,14.0,0.0,5.0,14.0,0.0,5.0,24.0,0.0,0.0,6.0
745,5.0,14.0,0.0,5.0,14.0,0.0,5.0,25.0,1.0,0.0,301.0
746,15.0,0.0,2.0,2.0,1.0,3.0,2.0,3.0,3.0,0.0,0.0
747,63.0,33.0,4.0,11.0,32.0,4.0,11.0,52.0,7.0,3.0,119.0
748,31.0,60.0,2.0,12.0,60.0,3.0,12.0,90.0,3.0,0.0,0.0
749,62.0,29.0,4.0,3.0,28.0,4.0,3.0,46.0,7.0,3.0,81.0
750,61.0,24.0,4.0,9.0,24.0,4.0,9.0,39.0,7.0,3.0,183.0
751,20.0,22.0,2.0,9.0,23.0,3.0,9.0,38.0,3.0,0.0,0.0
752,33.0,69.0,2.0,7.0,69.0,3.0,7.0,107.0,3.0,0.0,0.0
753,29.0,54.0,2.0,19.0,54.0,3.0,19.0,82.0,3.0,0.0,0.0
754,35.0,77.0,2.0,0.0,77.0,3.0,0.0,125.0,3.0,0.0,1.0
755,2.0,68.0,0.0,7.0,67.0,0.0,7.0,102.0,0.0,0.0,6.0
756,22.0,31.0,2.0,11.0,31.0,3.0,11.0,51.0,3.0,0.0,0.0
757,2.0,68.0,0.0,7.0,67.0,0.0,7.0,103.0,1.0,0.0,301.0
758,3.0,7.0,0.0,10.0,7.0,0.0,10.0,12.0,0.0,0.0,294.0
759,3.0,7.0,0.0,10.0,7.0,0.0,10.0,13.0,1.0,0.0,301.0
760,70.0,56.0,4.0,19.0,55.0,4.0,19.0,83.0,7.0,3.0,75.0
761,79.0,25.0,6.0,9.0,13.0,0.0,5.0,22.0,1.0,0.0,301.0
762,79.0,25.0,6.0,9.0,13.0,0.0,5.0,21.0,0.0,0.0,295.0
763,28.0,51.0,2.0,18.0,51.0,3.0,18.0,78.0,3.0,0.0,0.0
764,79.0,25.0,6.0,9.0,13.0,0.0,5.0,21.0,0.0,3.0,294.0
765,4.0,13.0,0.0,5.0,13.0,0.0,5.0,21.0,0.0,0.0,294.0
766,79.0,25.0,6.0,9.0,13.0,0.0,5.0,21.0,0.0,0.0,294.0
767,57.0,2.0,4.0,2.0,2.0,4.0,2.0,4.0,7.0,3.0,36.0
768,16.0,4.0,2.0,8.0,5.0,3.0,8.0,9.0,3.0,0.0,0.0
769,76.0,79.0,4.0,0.0,78.0,4.0,0.0,126.0,7.0,3.0,49.0
770,71.0,59.0,4.0,20.0,58.0,4.0,20.0,87.0,7.0,3.0,38.0
771,72.0,62.0,4.0,12.0,61.0,4.0,12.0,91.0,7.0,3.0,94.0
772,59.0,11.0,4.0,10.0,11.0,4.0,10.0,18.0,7.0,3.0,214.0
773,21.0,27.0,2.0,3.0,27.0,3.0,3.0,45.0,3.0,0.0,1.0
774,75.0,76.0,4.0,6.0,75.0,4.0,6.0,120.0,7.0,3.0,149.0
775,17.0,9.0,2.0,10.0,10.0,3.0,10.0,17.0,3.0,0.0,0.0
776,69.0,53.0,4.0,18.0,52.0,4.0,18.0,79.0,7.0,3.0,230.0
777,18.0,17.0,2.0,5.0,18.0,3.0,5.0,31.0,3.0,0.0,0.0
778,32.0,65.0,2.0,4.0,65.0,3.0,4.0,99.0,3.0,0.0,1.0
779,73.0,67.0,4.0,4.0,66.0,4.0,4.0,100.0,7.0,3.0,283.0
780,58.0,6.0,4.0,8.0,6.0,4.0,8.0,10.0,7.0,3.0,82.0
781,67.0,46.0,4.0,16.0,45.0,4.0,16.0,70.0,7.0,3.0,276.0
782,34.0,74.0,2.0,6.0,74.0,3.0,6.0,119.0,3.0,0.0,1.0
783,77.0,80.0,6.0,0.0,71.0,0.0,6.0,111.0,1.0,0.0,301.0
784,60.0,21.0,4.0,1.0,21.0,4.0,1.0,35.0,7.0,3.0,265.0
785,77.0,80.0,6.0,0.0,71.0,0.0,6.0,110.0,0.0,0.0,295.0
786,25.0,41.0,2.0,15.0,41.0,3.0,15.0,65.0,3.0,0.0,0.0
787,77.0,80.0,6.0,0.0,71.0,0.0,6.0,110.0,0.0,3.0,294.0
788,0.0,72.0,0.0,6.0,71.0,0.0,6.0,110.0,0.0,0.0,294.0
789,77.0,80.0,6.0,0.0,71.0,0.0,6.0,110.0,0.0,0.0,294.0
790,24.0,38.0,2.0,14.0,38.0,3.0,14.0,61.0,3.0,0.0,0.0
791,68.0,50.0,4.0,17.0,49.0,4.0,17.0,75.0,7.0,3.0,109.0
792,27.0,48.0,2.0,17.0,48.0,3.0,17.0,74.0,3.0,0.0,0.0
793,1.0,73.0,0.0,6.0,72.0,0.0,6.0,113.0,0.0,0.0,6.0
794,0.0,72.0,0.0,6.0,71.0,0.0,6.0,110.0,0.0,0.0,294.0
795,0.0,72.0,0.0,6.0,71.0,0.0,6.0,111.0,1.0,0.0,301.0
796,1.0,73.0,0.0,6.0,72.0,0.0,6.0,114.0,1.0,0.0,301.0
797,19.0,19.0,2.0,1.0,20.0,3.0,1.0,34.0,3.0,0.0,0.0
798,78.0,12.0,6.0,10.0,7.0,0.0,10.0,13.0,1.0,0.0,301.0
799,78.0,12.0,6.0,10.0,7.0,0.0,10.0,12.0,0.0,0.0,294.0
800,78.0,12.0,6.0,10.0,7.0,0.0,10.0,12.0,0.0,3.0,293.0
801,78.0,12.0,6.0,10.0,7.0,0.0,10.0,12.0,0.0,0.0,293.0
802,3.0,7.0,0.0,10.0,7.0,0.0,10.0,12.0,0.0,0.0,293.0
803,4.0,13.0,0.0,5.0,13.0,0.0,5.0,21.0,0.0,0.0,294.0
804,74.0,71.0,4.0,7.0,70.0,4.0,7.0,108.0,7.0,3.0,261.0
805,26.0,44.0,2.0,16.0,44.0,3.0,16.0,69.0,3.0,0.0,0.0
806,4.0,13.0,0.0,5.0,13.0,0.0,5.0,22.0,1.0,0.0,301.0
807,23.0,35.0,2.0,13.0,35.0,3.0,13.0,57.0,3.0,0.0,0.0
808,65.0,40.0,4.0,14.0,39.0,4.0,14.0,62.0,7.0,3.0,251.0
809,64.0,37.0,4.0,13.0,36.0,4.0,13.0,58.0,7.0,3.0,56.0
810,66.0,43.0,4.0,15.0,42.0,4.0,15.0,66.0,7.0,3.0,188.0
811,30.0,57.0,2.0,20.0,57.0,3.0,20.0,86.0,3.0,0.0,0.0
812,5.0,14.0,0.0,5.0,14.0,0.0,5.0,24.0,0.0,0.0,6.0
813,5.0,14.0,0.0,5.0,14.0,0.0,5.0,25.0,1.0,0.0,301.0
814,15.0,0.0,2.0,2.0,1.0,3.0,2.0,3.0,3.0,0.0,0.0
815,63.0,33.0,4.0,11.0,32.0,4.0,11.0,52.0,7.0,3.0,286.0
816,31.0,60.0,2.0,12.0,60.0,3.0,12.0,90.0,3.0,0.0,0.0
817,62.0,29.0,4.0,3.0,28.0,4.0,3.0,46.0,7.0,3.0,159.0
818,61.0,24.0,4.0,9.0,24.0,4.0,9.0,39.0,7.0,3.0,66.0
819,20.0,22.0,2.0,9.0,23.0,3.0,9.0,38.0,3.0,0.0,0.0
820,33.0,69.0,2.0,7.0,69.0,3.0,7.0,107.0,3.0,0.0,0.0
821,29.0,54.0,2.0,19.0,54.0,3.0,19.0,82.0,3.0,0.0,0.0
822,35.0,77.0,2.0,0.0,77.0,3.0,0.0,125.0,3.0,0.0,1.0
823,2.0,68.0,0.0,7.0,67.0,0.0,7.0,102.0,0.0,0.0,6.0
824,2.0,68.0,0.0,7.0,67.0,0.0,7.0,103.0,1.0,0.0,301.0
825,22.0,31.0,2.0,11.0,31.0,3.0,11.0,51.0,3.0,0.0,0.0
826,3.0,7.0,0.0,10.0,7.0,0.0,10.0,12.0,0.0,0.0,293.0
827,3.0,7.0,0.0,10.0,7.0,0.0,10.0,13.0,1.0,0.0,301.0
828,70.0,56.0,4.0,19.0,55.0,4.0,19.0,83.0,7.0,3.0,15.0
829,28.0,51.0,2.0,18.0,51.0,3.0,18.0,78.0,3.0,0.0,0.0
830,79.0,25.0,6.0,9.0,13.0,0.0,5.0,22.0,1.0,0.0,301.0
831,79.0,25.0,6.0,9.0,13.0,0.0,5.0,21.0,0.0,0.0,294.0
832,79.0,25.0,6.0,9.0,13.0,0.0,5.0,21.0,0.0,3.0,293.0
833,57.0,2.0,4.0,2.0,2.0,4.0,2.0,4.0,7.0,3.0,198.0
834,4.0,13.0,0.0,5.0,13.0,0.0,5.0,21.0,0.0,0.0,293.0
835,16.0,4.0,2.0,8.0,5.0,3.0,8.0,9.0,3.0,0.0,0.0
836,79.0,25.0,6.0,9.0,13.0,0.0,5.0,21.0,0.0,0.0,293.0
837,76.0,79.0,4.0,0.0,78.0,4.0,0.0,126.0,7.0,3.0,20.0
838,59.0,11.0,4.0,10.0,11.0,4.0,10.0,18.0,7.0,3.0,243.0
839,71.0,59.0,4.0,20.0,58.0,4.0,20.0,87.0,7.0,3.0,51.0
840,72.0,62.0,4.0,12.0,61.0,4.0,12.0,91.0,7.0,3.0,96.0
841,21.0,27.0,2.0,3.0,27.0,3.0,3.0,45.0,3.0,0.0,1.0
842,75.0,76.0,4.0,6.0,75.0,4.0,6.0,120.0,7.0,3.0,105.0
843,17.0,9.0,2.0,10.0,10.0,3.0,10.0,17.0,3.0,0.0,0.0
844,69.0,53.0,4.0,18.0,52.0,4.0,18.0,79.0,7.0,3.0,7.0
845,18.0,17.0,2.0,5.0,18.0,3.0,5.0,31.0,3.0,0.0,0.0
846,32.0,65.0,2.0,4.0,65.0,3.0,4.0,99.0,3.0,0.0,1.0
847,73.0,67.0,4.0,4.0,66.0,4.0,4.0,100.0,7.0,3.0,147.0
848,58.0,6.0,4.0,8.0,6.0,4.0,8.0,10.0,7.0,3.0,32.0
849,67.0,46.0,4.0,16.0,45.0,4.0,16.0,70.0,7.0,3.0,232.0
850,34.0,74.0,2.0,6.0,74.0,3.0,6.0,119.0,3.0,0.0,1.0
851,60.0,21.0,4.0,1.0,21.0,4.0,1.0,35.0,7.0,3.0,217.0
852,25.0,41.0,2.0,15.0,41.0,3.0,15.0,65.0,3.0,0.0,0.0
853,24.0,38.0,2.0,14.0,38.0,3.0,14.0,61.0,3.0,0.0,0.0
854,77.0,80.0,6.0,0.0,71.0,0.0,6.0,111.0,1.0,0.0,301.0
855,77.0,80.0,6.0,0.0,71.0,0.0,6.0,110.0,0.0,0.0,294.0
856,77.0,80.0,6.0,0.0,71.0,0.0,6.0,110.0,0.0,3.0,293.0
857,0.0,72.0,0.0,6.0,71.0,0.0,6.0,110.0,0.0,0.0,293.0
858,77.0,80.0,6.0,0.0,71.0,0.0,6.0,110.0,0.0,0.0,293.0
859,68.0,50.0,4.0,17.0,49.0,4.0,17.0,75.0,7.0,3.0,19.0
860,27.0,48.0,2.0,17.0,48.0,3.0,17.0,74.0,3.0,0.0,0.0
861,0.0,72.0,0.0,6.0,71.0,0.0,6.0,110.0,0.0,0.0,293.0
862,1.0,73.0,0.0,6.0,72.0,0.0,6.0,113.0,0.0,0.0,6.0
863,19.0,19.0,2.0,1.0,20.0,3.0,1.0,34.0,3.0,0.0,0.0
864,0.0,72.0,0.0,6.0,71.0,0.0,6.0,111.0,1.0,0.0,301.0
865,1.0,73.0,0.0,6.0,72.0,0.0,6.0,114.0,1.0,0.0,301.0
866,78.0,12.0,6.0,10.0,7.0,0.0,10.0,13.0,1.0,0.0,301.0
867,74.0,71.0,4.0,7.0,70.0,4.0,7.0,108.0,7.0,3.0,163.0
868,26.0,44.0,2.0,16.0,44.0,3.0,16.0,69.0,3.0,0.0,0.0
869,78.0,12.0,6.0,10.0,7.0,0.0,10.0,12.0,0.0,0.0,293.0
870,78.0,12.0,6.0,10.0,7.0,0.0,10.0,12.0,0.0,3.0,136.0
871,23.0,35.0,2.0,13.0,35.0,3.0,13.0,57.0,3.0,0.0,0.0
872,65.0,40.0,4.0,14.0,39.0,4.0,14.0,62.0,7.0,3.0,202.0
873,78.0,12.0,6.0,10.0,7.0,0.0,10.0,12.0,0.0,0.0,136.0
874,4.0,13.0,0.0,5.0,13.0,0.0,5.0,21.0,0.0,0.0,293.0
875,3.0,7.0,0.0,10.0,7.0,0.0,10.0,12.0,0.0,0.0,136.0
876,64.0,37.0,4.0,13.0,36.0,4.0,13.0,58.0,7.0,3.0,280.0
877,66.0,43.0,4.0,15.0,42.0,4.0,15.0,66.0,7.0,3.0,12.0
878,4.0,13.0,0.0,5.0,13.0,0.0,5.0,22.0,1.0,0.0,301.0
879,30.0,57.0,2.0,20.0,57.0,3.0,20.0,86.0,3.0,0.0,0.0
880,5.0,14.0,0.0,5.0,14.0,0.0,5.0,24.0,0.0,0.0,6.0
881,5.0,14.0,0.0,5.0,14.0,0.0,5.0,25.0,1.0,0.0,301.0
882,15.0,0.0,2.0,2.0,1.0,3.0,2.0,3.0,3.0,0.0,0.0
883,63.0,33.0,4.0,11.0,32.0,4.0,11.0,52.0,7.0,3.0,128.0
884,31.0,60.0,2.0,12.0,60.0,3.0,12.0,90.0,3.0,0.0,0.0
885,62.0,29.0,4.0,3.0,28.0,4.0,3.0,46.0,7.0,3.0,279.0
886,61.0,24.0,4.0,9.0,24.0,4.0,9.0,39.0,7.0,3.0,233.0
887,20.0,22.0,2.0,9.0,23.0,3.0,9.0,38.0,3.0,0.0,0.0
888,33.0,69.0,2.0,7.0,69.0,3.0,7.0,107.0,3.0,0.0,0.0
889,29.0,54.0,2.0,19.0,54.0,3.0,19.0,82.0,3.0,0.0,0.0
890,35.0,77.0,2.0,0.0,77.0,3.0,0.0,125.0,3.0,0.0,1.0
891,3.0,7.0,0.0,10.0,7.0,0.0,10.0,12.0,0.0,0.0,136.0
892,2.0,68.0,0.0,7.0,67.0,0.0,7.0,102.0,0.0,0.0,6.0
893,22.0,31.0,2.0,11.0,31.0,3.0,11.0,51.0,3.0,0.0,0.0
894,3.0,7.0,0.0,10.0,7.0,0.0,10.0,13.0,1.0,0.0,301.0
895,70.0,56.0,4.0,19.0,55.0,4.0,19.0,83.0,7.0,3.0,234.0
896,2.0,68.0,0.0,7.0,67.0,0.0,7.0,103.0,1.0,0.0,301.0
897,28.0,51.0,2.0,18.0,51.0,3.0,18.0,78.0,3.0,0.0,0.0
898,57.0,2.0,4.0,2.0,2.0,4.0,2.0,4.0,7.0,3.0,11.0
899,16.0,4.0,2.0,8.0,5.0,3.0,8.0,9.0,3.0,0.0,0.0
900,79.0,25.0,6.0,9.0,13.0,0.0,5.0,22.0,1.0,0.0,301.0
901,76.0,79.0,4.0,0.0,78.0,4.0,0.0,126.0,7.0,3.0,10.0
902,79.0,25.0,6.0,9.0,13.0,0.0,5.0,21.0,0.0,0.0,293.0
903,79.0,25.0,6.0,9.0,13.0,0.0,5.0,21.0,0.0,3.0,136.0
904,79.0,25.0,6.0,9.0,13.0,0.0,5.0,21.0,0.0,0.0,136.0
905,4.0,13.0,0.0,5.0,13.0,0.0,5.0,21.0,0.0,0.0,136.0
906,59.0,11.0,4.0,10.0,11.0,4.0,10.0,18.0,7.0,3.0,67.0
907,71.0,59.0,4.0,20.0,58.0,4.0,20.0,87.0,7.0,3.0,274.0
908,72.0,62.0,4.0,12.0,61.0,4.0,12.0,91.0,7.0,3.0,39.0
909,21.0,27.0,2.0,3.0,27.0,3.0,3.0,45.0,3.0,0.0,1.0
910,75.0,76.0,4.0,6.0,75.0,4.0,6.0,120.0,7.0,3.0,282.0
911,17.0,9.0,2.0,10.0,10.0,3.0,10.0,17.0,3.0,0.0,0.0
912,69.0,53.0,4.0,18.0,52.0,4.0,18.0,79.0,7.0,3.0,65.0
913,18.0,17.0,2.0,5.0,18.0,3.0,5.0,31.0,3.0,0.0,0.0
914,32.0,65.0,2.0,4.0,65.0,3.0,4.0,99.0,3.0,0.0,1.0
915,73.0,67.0,4.0,4.0,66.0,4.0,4.0,100.0,7.0,3.0,55.0
916,58.0,6.0,4.0,8.0,6.0,4.0,8.0,10.0,7.0,3.0,91.0
917,67.0,46.0,4.0,16.0,45.0,4.0,16.0,70.0,7.0,3.0,92.0
918,34.0,74.0,2.0,6.0,74.0,3.0,6.0,119.0,3.0,0.0,1.0
919,60.0,21.0,4.0,1.0,21.0,4.0,1.0,35.0,7.0,3.0,165.0
920,25.0,41.0,2.0,15.0,41.0,3.0,15.0,65.0,3.0,0.0,0.0
921,24.0,38.0,2.0,14.0,38.0,3.0,14.0,61.0,3.0,0.0,0.0
922,77.0,80.0,6.0,0.0,71.0,0.0,6.0,111.0,1.0,0.0,301.0
923,77.0,80.0,6.0,0.0,71.0,0.0,6.0,110.0,0.0,0.0,293.0
924,77.0,80.0,6.0,0.0,71.0,0.0,6.0,110.0,0.0,3.0,136.0
925,77.0,80.0,6.0,0.0,71.0,0.0,6.0,110.0,0.0,0.0,136.0
926,0.0,72.0,0.0,6.0,71.0,0.0,6.0,110.0,0.0,0.0,136.0
927,68.0,50.0,4.0,17.0,49.0,4.0,17.0,75.0,7.0,3.0,207.0
928,27.0,48.0,2.0,17.0,48.0,3.0,17.0,74.0,3.0,0.0,0.0
929,1.0,73.0,0.0,6.0,72.0,0.0,6.0,113.0,0.0,0.0,6.0
930,19.0,19.0,2.0,1.0,20.0,3.0,1.0,34.0,3.0,0.0,0.0
931,1.0,73.0,0.0,6.0,72.0,0.0,6.0,114.0,1.0,0.0,301.0
932,0.0,72.0,0.0,6.0,71.0,0.0,6.0,110.0,0.0,0.0,136.0
933,0.0,72.0,0.0,6.0,71.0,0.0,6.0,111.0,1.0,0.0,301.0
934,74.0,71.0,4.0,7.0,70.0,4.0,7.0,108.0,7.0,3.0,162.0
935,23.0,35.0,2.0,13.0,35.0,3.0,13.0,57.0,3.0,0.0,0.0
936,26.0,44.0,2.0,16.0,44.0,3.0,16.0,69.0,3.0,0.0,0.0
937,78.0,12.0,6.0,10.0,7.0,0.0,10.0,13.0,1.0,0.0,301.0
938,78.0,12.0,6.0,10.0,7.0,0.0,10.0,12.0,0.0,0.0,136.0
939,78.0,12.0,6.0,10.0,7.0,0.0,10.0,12.0,0.0,3.0,1.0
940,65.0,40.0,4.0,14.0,39.0,4.0,14.0,62.0,7.0,3.0,211.0
941,66.0,43.0,4.0,15.0,42.0,4.0,15.0,66.0,7.0,3.0,70.0
942,64.0,37.0,4.0,13.0,36.0,4.0,13.0,58.0,7.0,3.0,132.0
943,4.0,13.0,0.0,5.0,13.0,0.0,5.0,21.0,0.0,0.0,136.0
944,78.0,12.0,6.0,10.0,7.0,0.0,10.0,12.0,0.0,0.0,1.0
945,30.0,57.0,2.0,20.0,57.0,3.0,20.0,86.0,3.0,0.0,0.0
946,3.0,7.0,0.0,10.0,7.0,0.0,10.0,12.0,0.0,0.0,1.0
947,4.0,13.0,0.0,5.0,13.0,0.0,5.0,22.0,1.0,0.0,301.0
948,5.0,14.0,0.0,5.0,14.0,0.0,5.0,24.0,0.0,0.0,6.0
949,5.0,14.0,0.0,5.0,14.0,0.0,5.0,25.0,1.0,0.0,301.0
950,15.0,0.0,2.0,2.0,1.0,3.0,2.0,3.0,3.0,0.0,0.0
951,63.0,33.0,4.0,11.0,32.0,4.0,11.0,52.0,7.0,3.0,37.0
952,31.0,60.0,2.0,12.0,60.0,3.0,12.0,90.0,3.0,0.0,0.0
953,62.0,29.0,4.0,3.0,28.0,4.0,3.0,46.0,7.0,3.0,270.0
954,61.0,24.0,4.0,9.0,24.0,4.0,9.0,39.0,7.0,3.0,123.0
955,20.0,22.0,2.0,9.0,23.0,3.0,9.0,38.0,3.0,0.0,0.0
956,29.0,54.0,2.0,19.0,54.0,3.0,19.0,82.0,3.0,0.0,0.0
957,33.0,69.0,2.0,7.0,69.0,3.0,7.0,107.0,3.0,0.0,0.0
958,35.0,77.0,2.0,0.0,77.0,3.0,0.0,125.0,3.0,0.0,1.0
959,70.0,56.0,4.0,19.0,55.0,4.0,19.0,83.0,7.0,3.0,285.0
960,3.0,7.0,0.0,10.0,7.0,0.0,10.0,12.0,0.0,0.0,1.0
961,2.0,68.0,0.0,7.0,67.0,0.0,7.0,102.0,0.0,0.0,6.0
962,22.0,31.0,2.0,11.0,31.0,3.0,11.0,51.0,3.0,0.0,0.0
963,3.0,7.0,0.0,10.0,7.0,0.0,10.0,13.0,1.0,0.0,301.0
964,2.0,68.0,0.0,7.0,67.0,0.0,7.0,103.0,1.0,0.0,301.0
965,28.0,51.0,2.0,18.0,51.0,3.0,18.0,78.0,3.0,0.0,0.0
966,57.0,2.0,4.0,2.0,2.0,4.0,2.0,4.0,7.0,3.0,35.0
967,16.0,4.0,2.0,8.0,5.0,3.0,8.0,9.0,3.0,0.0,0.0
968,76.0,79.0,4.0,0.0,78.0,4.0,0.0,126.0,7.0,3.0,26.0
969,79.0,25.0,6.0,9.0,13.0,0.0,5.0,22.0,1.0,0.0,301.0
970,79.0,25.0,6.0,9.0,13.0,0.0,5.0,21.0,0.0,0.0,136.0
971,59.0,11.0,4.0,10.0,11.0,4.0,10.0,18.0,7.0,3.0,61.0
972,79.0,25.0,6.0,9.0,13.0,0.0,5.0,21.0,0.0,3.0,1.0
973,79.0,25.0,6.0,9.0,13.0,0.0,5.0,21.0,0.0,0.0,1.0
974,71.0,59.0,4.0,20.0,58.0,4.0,20.0,87.0,7.0,3.0,150.0
975,4.0,13.0,0.0,5.0,13.0,0.0,5.0,21.0,0.0,0.0,1.0
976,72.0,62.0,4.0,12.0,61.0,4.0,12.0,91.0,7.0,3.0,236.0
977,21.0,27.0,2.0,3.0,27.0,3.0,3.0,45.0,3.0,0.0,1.0
978,75.0,76.0,4.0,6.0,75.0,4.0,6.0,120.0,7.0,3.0,228.0
979,17.0,9.0,2.0,10.0,10.0,3.0,10.0,17.0,3.0,0.0,0.0
980,69.0,53.0,4.0,18.0,52.0,4.0,18.0,79.0,7.0,3.0,264.0
981,18.0,17.0,2.0,5.0,18.0,3.0,5.0,31.0,3.0,0.0,0.0
982,32.0,65.0,2.0,4.0,65.0,3.0,4.0,99.0,3.0,0.0,1.0
983,73.0,67.0,4.0,4.0,66.0,4.0,4.0,100.0,7.0,3.0,209.0
984,58.0,6.0,4.0,8.0,6.0,4.0,8.0,10.0,7.0,3.0,53.0
985,67.0,46.0,4.0,16.0,45.0,4.0,16.0,70.0,7.0,3.0,110.0
986,34.0,74.0,2.0,6.0,74.0,3.0,6.0,119.0,3.0,0.0,1.0
987,60.0,21.0,4.0,1.0,21.0,4.0,1.0,35.0,7.0,3.0,29.0
988,25.0,41.0,2.0,15.0,41.0,3.0,15.0,65.0,3.0,0.0,0.0
989,24.0,38.0,2.0,14.0,38.0,3.0,14.0,61.0,3.0,0.0,0.0
990,77.0,80.0,6.0,0.0,71.0,0.0,6.0,111.0,1.0,0.0,301.0
991,77.0,80.0,6.0,0.0,71.0,0.0,6.0,110.0,0.0,0.0,136.0
992,77.0,80.0,6.0,0.0,71.0,0.0,6.0,110.0,0.0,3.0,1.0
993,77.0,80.0,6.0,0.0,71.0,0.0,6.0,110.0,0.0,0.0,1.0
994,68.0,50.0,4.0,17.0,49.0,4.0,17.0,75.0,7.0,3.0,246.0
995,0.0,72.0,0.0,6.0,71.0,0.0,6.0,110.0,0.0,0.0,1.0
996,27.0,48.0,2.0,17.0,48.0,3.0,17.0,74.0,3.0,0.0,0.0
997,19.0,19.0,2.0,1.0,20.0,3.0,1.0,34.0,3.0,0.0,0.0
998,1.0,73.0,0.0,6.0,72.0,0.0,6.0,113.0,0.0,0.0,6.0
999,1.0,73.0,0.0,6.0,72.0,0.0,6.0,114.0,1.0,0.0,301.0
1000,0.0,72.0,0.0,6.0,71.0,0.0,6.0,110.0,0.0,0.0,1.0
1001,77.0,80.0,6.0,0.0,0.0,2.0,2.0,1.0,3.0,3.0,1.0
1002,77.0,80.0,6.0,0.0,26.0,2.0,3.0,42.0,3.0,3.0,1.0
1003,77.0,80.0,6.0,0.0,28.0,4.0,3.0,46.0,7.0,0.0,125.0
1004,77.0,80.0,6.0,0.0,66.0,4.0,4.0,100.0,7.0,0.0,125.0
1005,77.0,80.0,6.0,0.0,70.0,4.0,7.0,108.0,7.0,0.0,125.0
1006,77.0,80.0,6.0,0.0,64.0,2.0,4.0,96.0,3.0,3.0,1.0
1007,77.0,80.0,6.0,0.0,68.0,2.0,7.0,105.0,3.0,3.0,1.0
1008,77.0,80.0,6.0,0.0,75.0,4.0,6.0,120.0,7.0,0.0,125.0
1009,77.0,80.0,6.0,0.0,73.0,2.0,6.0,116.0,3.0,3.0,1.0
1010,77.0,80.0,6.0,0.0,76.0,2.0,0.0,122.0,3.0,3.0,1.0
1011,77.0,80.0,6.0,0.0,78.0,4.0,0.0,126.0,7.0,0.0,125.0
1012,77.0,80.0,6.0,0.0,0.0,2.0,2.0,1.0,3.0,3.0,1.0
1013,77.0,80.0,6.0,0.0,26.0,2.0,3.0,42.0,3.0,3.0,1.0
1014,77.0,80.0,6.0,0.0,2.0,4.0,2.0,4.0,7.0,0.0,125.0
1015,77.0,80.0,6.0,0.0,28.0,4.0,3.0,46.0,7.0,0.0,125.0
1016,77.0,80.0,6.0,0.0,66.0,4.0,4.0,100.0,7.0,0.0,125.0
1017,77.0,80.0,6.0,0.0,68.0,2.0,7.0,105.0,3.0,3.0,1.0
1018,77.0,80.0,6.0,0.0,64.0,2.0,4.0,96.0,3.0,3.0,1.0
1019,77.0,80.0,6.0,0.0,70.0,4.0,7.0,108.0,7.0,0.0,125.0
1020,77.0,80.0,6.0,0.0,73.0,2.0,6.0,116.0,3.0,3.0,1.0
1021,77.0,80.0,6.0,0.0,75.0,4.0,6.0,120.0,7.0,0.0,125.0
1022,77.0,80.0,6.0,0.0,78.0,4.0,0.0,126.0,7.0,0.0,125.0
1023,77.0,80.0,6.0,0.0,76.0,2.0,0.0,122.0,3.0,3.0,1.0
1024,77.0,80.0,6.0,0.0,2.0,4.0,2.0,4.0,7.0,0.0,125.0
1025,77.0,80.0,6.0,0.0,28.0,4.0,3.0,46.0,7.0,0.0,125.0
1026,77.0,80.0,6.0,0.0,0.0,2.0,2.0,1.0,3.0,3.0,1.0
1027,77.0,80.0,6.0,0.0,64.0,2.0,4.0,96.0,3.0,3.0,1.0
1028,77.0,80.0,6.0,0.0,26.0,2.0,3.0,42.0,3.0,3.0,1.0
1029,77.0,80.0,6.0,0.0,70.0,4.0,7.0,108.0,7.0,0.0,125.0
1030,77.0,80.0,6.0,0.0,66.0,4.0,4.0,100.0,7.0,0.0,125.0
1031,77.0,80.0,6.0,0.0,68.0,2.0,7.0,105.0,3.0,3.0,1.0
1032,77.0,80.0,6.0,0.0,73.0,2.0,6.0,116.0,3.0,3.0,1.0
1033,77.0,80.0,6.0,0.0,75.0,4.0,6.0,120.0,7.0,0.0,125.0
1034,77.0,80.0,6.0,0.0,78.0,4.0,0.0,126.0,7.0,0.0,125.0
1035,77.0,80.0,6.0,0.0,76.0,2.0,0.0,122.0,3.0,3.0,1.0
1036,77.0,80.0,6.0,0.0,2.0,4.0,2.0,4.0,7.0,0.0,125.0
1037,77.0,80.0,6.0,0.0,0.0,2.0,2.0,1.0,3.0,3.0,1.0
1038,77.0,80.0,6.0,0.0,28.0,4.0,3.0,46.0,7.0,0.0,125.0
1039,77.0,80.0,6.0,0.0,26.0,2.0,3.0,42.0,3.0,3.0,1.0
1040,77.0,80.0,6.0,0.0,64.0,2.0,4.0,96.0,3.0,3.0,1.0
1041,77.0,80.0,6.0,0.0,66.0,4.0,4.0,100.0,7.0,0.0,125.0
1042,77.0,80.0,6.0,0.0,70.0,4.0,7.0,108.0,7.0,0.0,125.0
1043,77.0,80.0,6.0,0.0,68.0,2.0,7.0,105.0,3.0,3.0,1.0
1044,77.0,80.0,6.0,0.0,76.0,2.0,0.0,122.0,3.0,3.0,1.0
1045,77.0,80.0,6.0,0.0,75.0,4.0,6.0,120.0,7.0,0.0,125.0
1046,77.0,80.0,6.0,0.0,73.0,2.0,6.0,116.0,3.0,3.0,1.0
1047,77.0,80.0,6.0,0.0,78.0,4.0,0.0,126.0,7.0,0.0,125.0
1048,77.0,80.0,6.0,0.0,0.0,2.0,2.0,1.0,3.0,3.0,1.0
1049,77.0,80.0,6.0,0.0,2.0,4.0,2.0,4.0,7.0,0.0,125.0
1050,77.0,80.0,6.0,0.0,26.0,2.0,3.0,42.0,3.0,3.0,1.0
1051,77.0,80.0,6.0,0.0,64.0,2.0,4.0,96.0,3.0,3.0,1.0
1052,77.0,80.0,6.0,0.0,28.0,4.0,3.0,46.0,7.0,0.0,125.0
1053,77.0,80.0,6.0,0.0,66.0,4.0,4.0,100.0,7.0,0.0,125.0
1054,77.0,80.0,6.0,0.0,73.0,2.0,6.0,116.0,3.0,3.0,1.0
1055,77.0,80.0,6.0,0.0,75.0,4.0,6.0,120.0,7.0,0.0,125.0
1056,77.0,80.0,6.0,0.0,68.0,2.0,7.0,105.0,3.0,3.0,1.0
1057,77.0,80.0,6.0,0.0,70.0,4.0,7.0,108.0,7.0,0.0,125.0
1058,77.0,80.0,6.0,0.0,76.0,2.0,0.0,122.0,3.0,3.0,1.0
1059,77.0,80.0,6.0,0.0,78.0,4.0,0.0,126.0,7.0,0.0,125.0
1060,12.0,26.0,5.0,3.0,11.0,4.0,10.0,18.0,7.0,3.0,296.0
1061,20.0,22.0,2.0,9.0,23.0,3.0,9.0,38.0,3.0,3.0,1.0
1062,12.0,26.0,5.0,3.0,11.0,4.0,10.0,18.0,7.0,3.0,296.0
1063,20.0,22.0,2.0,9.0,23.0,3.0,9.0,38.0,3.0,3.0,1.0
1064,12.0,26.0,5.0,3.0,11.0,4.0,10.0,18.0,7.0,3.0,296.0
1065,20.0,22.0,2.0,9.0,23.0,3.0,9.0,38.0,3.0,3.0,1.0
1066,12.0,26.0,5.0,3.0,11.0,4.0,10.0,18.0,7.0,3.0,296.0
1067,20.0,22.0,2.0,9.0,23.0,3.0,9.0,38.0,3.0,3.0,1.0
1068,12.0,26.0,5.0,3.0,11.0,4.0,10.0,18.0,7.0,3.0,296.0
1069,20.0,22.0,2.0,9.0,23.0,3.0,9.0,38.0,3.0,3.0,1.0
1070,12.0,26.0,5.0,3.0,11.0,4.0,10.0,18.0,7.0,3.0,296.0
1071,20.0,22.0,2.0,9.0,23.0,3.0,9.0,38.0,3.0,3.0,1.0
1072,12.0,26.0,5.0,3.0,11.0,4.0,10.0,18.0,7.0,3.0,296.0
1073,12.0,26.0,5.0,3.0,11.0,4.0,10.0,18.0,7.0,3.0,296.0
1074,20.0,22.0,2.0,9.0,23.0,3.0,9.0,38.0,3.0,3.0,1.0
1075,12.0,26.0,5.0,3.0,11.0,4.0,10.0,18.0,7.0,3.0,296.0
1076,20.0,22.0,2.0,9.0,23.0,3.0,9.0,38.0,3.0,3.0,1.0
1077,12.0,26.0,5.0,3.0,11.0,4.0,10.0,18.0,7.0,3.0,296.0
1078,20.0,22.0,2.0,9.0,23.0,3.0,9.0,38.0,3.0,3.0,1.0
1079,12.0,26.0,5.0,3.0,11.0,4.0,10.0,18.0,7.0,3.0,296.0
1080,20.0,22.0,2.0,9.0,23.0,3.0,9.0,38.0,3.0,3.0,1.0
1081,12.0,26.0,5.0,3.0,11.0,4.0,10.0,18.0,7.0,3.0,296.0
1082,20.0,22.0,2.0,9.0,23.0,3.0,9.0,38.0,3.0,3.0,1.0
1083,12.0,26.0,5.0,3.0,11.0,4.0,10.0,18.0,7.0,3.0,296.0
1084,12.0,26.0,5.0,3.0,11.0,4.0,10.0,18.0,7.0,3.0,296.0
1085,20.0,22.0,2.0,9.0,23.0,3.0,9.0,38.0,3.0,3.0,1.0
1086,12.0,26.0,5.0,3.0,11.0,4.0,10.0,18.0,7.0,3.0,296.0
1087,20.0,22.0,2.0,9.0,23.0,3.0,9.0,38.0,3.0,3.0,1.0
1088,12.0,26.0,5.0,3.0,11.0,4.0,10.0,18.0,7.0,3.0,296.0
1089,20.0,22.0,2.0,9.0,23.0,3.0,9.0,38.0,3.0,3.0,1.0
1090,12.0,26.0,5.0,3.0,11.0,4.0,10.0,18.0,7.0,3.0,296.0
1091,20.0,22.0,2.0,9.0,23.0,3.0,9.0,38.0,3.0,3.0,1.0
1092,12.0,26.0,5.0,3.0,11.0,4.0,10.0,18.0,7.0,3.0,296.0
1093,20.0,22.0,2.0,9.0,23.0,3.0,9.0,38.0,3.0,3.0,1.0
1094,12.0,26.0,5.0,3.0,11.0,4.0,10.0,18.0,7.0,3.0,296.0
1095,20.0,22.0,2.0,9.0,23.0,3.0,9.0,38.0,3.0,3.0,1.0
1096,12.0,26.0,5.0,3.0,11.0,4.0,10.0,18.0,7.0,3.0,296.0
1097,12.0,26.0,5.0,3.0,11.0,4.0,10.0,18.0,7.0,3.0,296.0
1098,20.0,22.0,2.0,9.0,23.0,3.0,9.0,38.0,3.0,3.0,1.0
1099,12.0,26.0,5.0,3.0,11.0,4.0,10.0,18.0,7.0,3.0,296.0
1100,20.0,22.0,2.0,9.0,23.0,3.0,9.0,38.0,3.0,3.0,1.0
1101,12.0,26.0,5.0,3.0,11.0,4.0,10.0,18.0,7.0,3.0,296.0
1102,20.0,22.0,2.0,9.0,23.0,3.0,9.0,38.0,3.0,3.0,1.0
1103,12.0,26.0,5.0,3.0,11.0,4.0,10.0,18.0,7.0,3.0,296.0
1104,20.0,22.0,2.0,9.0,23.0,3.0,9.0,38.0,3.0,3.0,1.0
1105,12.0,26.0,5.0,3.0,11.0,4.0,10.0,18.0,7.0,3.0,296.0
1106,20.0,22.0,2.0,9.0,23.0,3.0,9.0,38.0,3.0,3.0,1.0
1107,12.0,26.0,5.0,3.0,11.0,4.0,10.0,18.0,7.0,3.0,296.0
1108,12.0,26.0,5.0,3.0,11.0,4.0,10.0,18.0,7.0,3.0,296.0
1109,20.0,22.0,2.0,9.0,23.0,3.0,9.0,38.0,3.0,3.0,1.0
1110,12.0,26.0,5.0,3.0,11.0,4.0,10.0,18.0,7.0,3.0,296.0
1111,20.0,22.0,2.0,9.0,23.0,3.0,9.0,38.0,3.0,3.0,1.0
1112,12.0,26.0,5.0,3.0,11.0,4.0,10.0,18.0,7.0,3.0,296.0
1113,20.0,22.0,2.0,9.0,23.0,3.0,9.0,38.0,3.0,3.0,1.0
1114,12.0,26.0,5.0,3.0,11.0,4.0,10.0,18.0,7.0,3.0,296.0
1115,20.0,22.0,2.0,9.0,23.0,3.0,9.0,38.0,3.0,3.0,1.0
1116,12.0,26.0,5.0,3.0,11.0,4.0,10.0,18.0,7.0,3.0,296.0
1117,20.0,22.0,2.0,9.0,23.0,3.0,9.0,38.0,3.0,3.0,1.0
1118,12.0,26.0,5.0,3.0,11.0,4.0,10.0,18.0,7.0,3.0,296.0
1119,12.0,26.0,5.0,3.0,11.0,4.0,10.0,18.0,7.0,3.0,296.0
1120,20.0,22.0,2.0,9.0,23.0,3.0,9.0,38.0,3.0,3.0,1.0
1121,12.0,26.0,5.0,3.0,11.0,4.0,10.0,18.0,7.0,3.0,296.0
1122,20.0,22.0,2.0,9.0,23.0,3.0,9.0,38.0,3.0,3.0,1.0
1123,12.0,26.0,5.0,3.0,11.0,4.0,10.0,18.0,7.0,3.0,296.0
1124,20.0,22.0,2.0,9.0,23.0,3.0,9.0,38.0,3.0,3.0,1.0
1125,12.0,26.0,5.0,3.0,11.0,4.0,10.0,18.0,7.0,3.0,296.0
1126,20.0,22.0,2.0,9.0,23.0,3.0,9.0,38.0,3.0,3.0,1.0
1127,12.0,26.0,5.0,3.0,11.0,4.0,10.0,18.0,7.0,3.0,296.0
1128,20.0,22.0,2.0,9.0,23.0,3.0,9.0,38.0,3.0,3.0,1.0
1129,12.0,26.0,5.0,3.0,11.0,4.0,10.0,18.0,7.0,3.0,296.0
1130,12.0,26.0,5.0,3.0,11.0,4.0,10.0,18.0,7.0,3.0,296.0
1131,20.0,22.0,2.0,9.0,23.0,3.0,9.0,38.0,3.0,3.0,1.0
1132,12.0,26.0,5.0,3.0,11.0,4.0,10.0,18.0,7.0,3.0,296.0
1133,20.0,22.0,2.0,9.0,23.0,3.0,9.0,38.0,3.0,3.0,1.0
1134,12.0,26.0,5.0,3.0,11.0,4.0,10.0,18.0,7.0,3.0,296.0
1135,20.0,22.0,2.0,9.0,23.0,3.0,9.0,38.0,3.0,3.0,1.0
1136,12.0,26.0,5.0,3.0,11.0,4.0,10.0,18.0,7.0,3.0,296.0
1137,20.0,22.0,2.0,9.0,23.0,3.0,9.0,38.0,3.0,3.0,1.0
1138,12.0,26.0,5.0,3.0,11.0,4.0,10.0,18.0,7.0,3.0,296.0
1139,20.0,22.0,2.0,9.0,23.0,3.0,9.0,38.0,3.0,3.0,1.0
1140,12.0,26.0,5.0,3.0,11.0,4.0,10.0,18.0,7.0,3.0,296.0
1141,20.0,22.0,2.0,9.0,23.0,3.0,9.0,38.0,3.0,3.0,1.0
1142,12.0,26.0,5.0,3.0,11.0,4.0,10.0,18.0,7.0,3.0,296.0
1143,12.0,26.0,5.0,3.0,11.0,4.0,10.0,18.0,7.0,3.0,296.0
1144,20.0,22.0,2.0,9.0,23.0,3.0,9.0,38.0,3.0,3.0,1.0
1145,12.0,26.0,5.0,3.0,11.0,4.0,10.0,18.0,7.0,3.0,296.0
1146,20.0,22.0,2.0,9.0,23.0,3.0,9.0,38.0,3.0,3.0,1.0
1147,12.0,26.0,5.0,3.0,11.0,4.0,10.0,18.0,7.0,3.0,296.0
1148,20.0,22.0,2.0,9.0,23.0,3.0,9.0,38.0,3.0,3.0,1.0
1149,12.0,26.0,5.0,3.0,11.0,4.0,10.0,18.0,7.0,3.0,296.0
1150,20.0,22.0,2.0,9.0,23.0,3.0,9.0,38.0,3.0,3.0,1.0
1151,12.0,26.0,5.0,3.0,11.0,4.0,10.0,18.0,7.0,3.0,296.0
1152,20.0,22.0,2.0,9.0,23.0,3.0,9.0,38.0,3.0,3.0,1.0
1153,12.0,26.0,5.0,3.0,11.0,4.0,10.0,18.0,7.0,3.0,296.0
1154,12.0,26.0,5.0,3.0,11.0,4.0,10.0,18.0,7.0,3.0,296.0
1155,20.0,22.0,2.0,9.0,23.0,3.0,9.0,38.0,3.0,3.0,1.0
1156,12.0,26.0,5.0,3.0,11.0,4.0,10.0,18.0,7.0,3.0,296.0
1157,20.0,22.0,2.0,9.0,23.0,3.0,9.0,38.0,3.0,3.0,1.0
1158,12.0,26.0,5.0,3.0,11.0,4.0,10.0,18.0,7.0,3.0,296.0
1159,20.0,22.0,2.0,9.0,23.0,3.0,9.0,38.0,3.0,3.0,1.0
1160,12.0,26.0,5.0,3.0,11.0,4.0,10.0,18.0,7.0,3.0,296.0
1161,20.0,22.0,2.0,9.0,23.0,3.0,9.0,38.0,3.0,3.0,1.0
1162,12.0,26.0,5.0,3.0,11.0,4.0,10.0,18.0,7.0,3.0,296.0
1163,20.0,22.0,2.0,9.0,23.0,3.0,9.0,38.0,3.0,3.0,1.0
1164,12.0,26.0,5.0,3.0,11.0,4.0,10.0,18.0,7.0,3.0,296.0
1165,20.0,22.0,2.0,9.0,23.0,3.0,9.0,38.0,3.0,3.0,1.0
1166,12.0,26.0,5.0,3.0,11.0,4.0,10.0,18.0,7.0,3.0,296.0
1167,12.0,26.0,5.0,3.0,11.0,4.0,10.0,18.0,7.0,3.0,296.0
1168,20.0,22.0,2.0,9.0,23.0,3.0,9.0,38.0,3.0,3.0,1.0
1169,12.0,26.0,5.0,3.0,11.0,4.0,10.0,18.0,7.0,3.0,296.0
1170,20.0,22.0,2.0,9.0,23.0,3.0,9.0,38.0,3.0,3.0,1.0
1171,12.0,26.0,5.0,3.0,11.0,4.0,10.0,18.0,7.0,3.0,296.0
1172,20.0,22.0,2.0,9.0,23.0,3.0,9.0,38.0,3.0,3.0,1.0
1173,12.0,26.0,5.0,3.0,11.0,4.0,10.0,18.0,7.0,3.0,296.0
1174,15.0,0.0,2.0,2.0,1.0,3.0,2.0,3.0,3.0,0.0,0.0
1175,15.0,0.0,2.0,2.0,1.0,3.0,2.0,3.0,3.0,0.0,0.0
1176,15.0,0.0,2.0,2.0,1.0,3.0,2.0,3.0,3.0,0.0,0.0
1177,15.0,0.0,2.0,2.0,1.0,3.0,2.0,3.0,3.0,0.0,0.0
1178,15.0,0.0,2.0,2.0,1.0,3.0,2.0,3.0,3.0,0.0,0.0
1179,15.0,0.0,2.0,2.0,1.0,3.0,2.0,3.0,3.0,0.0,0.0
1180,15.0,0.0,2.0,2.0,1.0,3.0,2.0,3.0,3.0,0.0,0.0
1181,15.0,0.0,2.0,2.0,1.0,3.0,2.0,3.0,3.0,0.0,0.0
1182,15.0,0.0,2.0,2.0,1.0,3.0,2.0,3.0,3.0,0.0,0.0
1183,15.0,0.0,2.0,2.0,1.0,3.0,2.0,3.0,3.0,0.0,0.0
1184,15.0,0.0,2.0,2.0,1.0,3.0,2.0,3.0,3.0,0.0,0.0
1185,15.0,0.0,2.0,2.0,1.0,3.0,2.0,3.0,3.0,0.0,0.0
1186,15.0,0.0,2.0,2.0,1.0,3.0,2.0,3.0,3.0,0.0,0.0
1187,15.0,0.0,2.0,2.0,1.0,3.0,2.0,3.0,3.0,0.0,0.0
1188,15.0,0.0,2.0,2.0,1.0,3.0,2.0,3.0,3.0,0.0,0.0
1189,15.0,0.0,2.0,2.0,1.0,3.0,2.0,3.0,3.0,0.0,0.0
1190,15.0,0.0,2.0,2.0,1.0,3.0,2.0,3.0,3.0,0.0,0.0
1191,15.0,0.0,2.0,2.0,1.0,3.0,2.0,3.0,3.0,0.0,0.0
1192,15.0,0.0,2.0,2.0,1.0,3.0,2.0,3.0,3.0,0.0,0.0
1193,15.0,0.0,2.0,2.0,1.0,3.0,2.0,3.0,3.0,0.0,0.0
1194,15.0,0.0,2.0,2.0,1.0,3.0,2.0,3.0,3.0,0.0,0.0
1195,15.0,0.0,2.0,2.0,1.0,3.0,2.0,3.0,3.0,0.0,0.0
1196,15.0,0.0,2.0,2.0,1.0,3.0,2.0,3.0,3.0,0.0,0.0
1197,15.0,0.0,2.0,2.0,1.0,3.0,2.0,3.0,3.0,0.0,0.0
1198,15.0,0.0,2.0,2.0,1.0,3.0,2.0,3.0,3.0,0.0,0.0
1199,15.0,0.0,2.0,2.0,1.0,3.0,2.0,3.0,3.0,0.0,0.0
1200,15.0,0.0,2.0,2.0,1.0,3.0,2.0,3.0,3.0,0.0,0.0
1201,15.0,0.0,2.0,2.0,1.0,3.0,2.0,3.0,3.0,0.0,0.0
1202,15.0,0.0,2.0,2.0,1.0,3.0,2.0,3.0,3.0,0.0,0.0
1203,15.0,0.0,2.0,2.0,1.0,3.0,2.0,3.0,3.0,0.0,0.0
1204,15.0,0.0,2.0,2.0,1.0,3.0,2.0,3.0,3.0,0.0,0.0
1205,15.0,0.0,2.0,2.0,1.0,3.0,2.0,3.0,3.0,0.0,0.0
1206,15.0,0.0,2.0,2.0,1.0,3.0,2.0,3.0,3.0,0.0,0.0
1207,15.0,0.0,2.0,2.0,1.0,3.0,2.0,3.0,3.0,0.0,0.0
1208,15.0,0.0,2.0,2.0,1.0,3.0,2.0,3.0,3.0,0.0,0.0
1209,15.0,0.0,2.0,2.0,1.0,3.0,2.0,3.0,3.0,0.0,0.0
1210,15.0,0.0,2.0,2.0,1.0,3.0,2.0,3.0,3.0,0.0,0.0
1211,15.0,0.0,2.0,2.0,1.0,3.0,2.0,3.0,3.0,0.0,0.0
1212,15.0,0.0,2.0,2.0,1.0,3.0,2.0,3.0,3.0,0.0,0.0
1213,15.0,0.0,2.0,2.0,1.0,3.0,2.0,3.0,3.0,0.0,0.0
1214,15.0,0.0,2.0,2.0,1.0,3.0,2.0,3.0,3.0,0.0,0.0
1215,15.0,0.0,2.0,2.0,1.0,3.0,2.0,3.0,3.0,0.0,0.0
1216,15.0,0.0,2.0,2.0,1.0,3.0,2.0,3.0,3.0,0.0,0.0
1217,15.0,0.0,2.0,2.0,1.0,3.0,2.0,3.0,3.0,0.0,0.0
1218,15.0,0.0,2.0,2.0,1.0,3.0,2.0,3.0,3.0,0.0,0.0
1219,15.0,0.0,2.0,2.0,1.0,3.0,2.0,3.0,3.0,0.0,0.0
1220,15.0,0.0,2.0,2.0,1.0,3.0,2.0,3.0,3.0,0.0,0.0
1221,15.0,0.0,2.0,2.0,1.0,3.0,2.0,3.0,3.0,0.0,0.0
1222,15.0,0.0,2.0,2.0,1.0,3.0,2.0,3.0,3.0,0.0,0.0
1223,15.0,0.0,2.0,2.0,1.0,3.0,2.0,3.0,3.0,0.0,0.0
1224,15.0,0.0,2.0,2.0,1.0,3.0,2.0,3.0,3.0,0.0,0.0
1225,15.0,0.0,2.0,2.0,1.0,3.0,2.0,3.0,3.0,0.0,0.0
1226,15.0,0.0,2.0,2.0,1.0,3.0,2.0,3.0,3.0,0.0,0.0
1227,15.0,0.0,2.0,2.0,1.0,3.0,2.0,3.0,3.0,0.0,0.0
1228,15.0,0.0,2.0,2.0,1.0,3.0,2.0,3.0,3.0,0.0,0.0
1229,15.0,0.0,2.0,2.0,1.0,3.0,2.0,3.0,3.0,0.0,0.0
1230,15.0,0.0,2.0,2.0,1.0,3.0,2.0,3.0,3.0,0.0,0.0
1231,15.0,0.0,2.0,2.0,1.0,3.0,2.0,3.0,3.0,0.0,0.0
1232,15.0,0.0,2.0,2.0,1.0,3.0,2.0,3.0,3.0,0.0,0.0
1233,15.0,0.0,2.0,2.0,1.0,3.0,2.0,3.0,3.0,0.0,0.0
1234,15.0,0.0,2.0,2.0,1.0,3.0,2.0,3.0,3.0,0.0,0.0
1235,15.0,0.0,2.0,2.0,1.0,3.0,2.0,3.0,3.0,0.0,0.0
1236,15.0,0.0,2.0,2.0,1.0,3.0,2.0,3.0,3.0,0.0,0.0
1237,15.0,0.0,2.0,2.0,1.0,3.0,2.0,3.0,3.0,0.0,0.0
1238,15.0,0.0,2.0,2.0,1.0,3.0,2.0,3.0,3.0,0.0,0.0
1239,15.0,0.0,2.0,2.0,1.0,3.0,2.0,3.0,3.0,0.0,0.0
1240,15.0,0.0,2.0,2.0,1.0,3.0,2.0,3.0,3.0,0.0,0.0
1241,15.0,0.0,2.0,2.0,1.0,3.0,2.0,3.0,3.0,0.0,0.0
1242,15.0,0.0,2.0,2.0,1.0,3.0,2.0,3.0,3.0,0.0,0.0
1243,15.0,0.0,2.0,2.0,1.0,3.0,2.0,3.0,3.0,0.0,0.0
1244,15.0,0.0,2.0,2.0,1.0,3.0,2.0,3.0,3.0,0.0,0.0
1245,15.0,0.0,2.0,2.0,1.0,3.0,2.0,3.0,3.0,0.0,0.0
1246,15.0,0.0,2.0,2.0,1.0,3.0,2.0,3.0,3.0,0.0,0.0
1247,15.0,0.0,2.0,2.0,1.0,3.0,2.0,3.0,3.0,0.0,0.0
1248,15.0,0.0,2.0,2.0,1.0,3.0,2.0,3.0,3.0,0.0,0.0
1249,15.0,0.0,2.0,2.0,1.0,3.0,2.0,3.0,3.0,0.0,0.0
1250,15.0,0.0,2.0,2.0,1.0,3.0,2.0,3.0,3.0,0.0,0.0
1251,15.0,0.0,2.0,2.0,1.0,3.0,2.0,3.0,3.0,0.0,0.0
1252,15.0,0.0,2.0,2.0,1.0,3.0,2.0,3.0,3.0,0.0,0.0
1253,15.0,0.0,2.0,2.0,1.0,3.0,2.0,3.0,3.0,0.0,0.0
1254,15.0,0.0,2.0,2.0,1.0,3.0,2.0,3.0,3.0,0.0,0.0
1255,15.0,0.0,2.0,2.0,1.0,3.0,2.0,3.0,3.0,0.0,0.0
1256,15.0,0.0,2.0,2.0,1.0,3.0,2.0,3.0,3.0,0.0,0.0
1257,15.0,0.0,2.0,2.0,1.0,3.0,2.0,3.0,3.0,0.0,0.0
1258,15.0,0.0,2.0,2.0,1.0,3.0,2.0,3.0,3.0,0.0,0.0
1259,15.0,0.0,2.0,2.0,1.0,3.0,2.0,3.0,3.0,0.0,0.0
1260,15.0,0.0,2.0,2.0,1.0,3.0,2.0,3.0,3.0,0.0,0.0
1261,15.0,0.0,2.0,2.0,1.0,3.0,2.0,3.0,3.0,0.0,0.0
1262,15.0,0.0,2.0,2.0,1.0,3.0,2.0,3.0,3.0,0.0,0.0
1263,15.0,0.0,2.0,2.0,1.0,3.0,2.0,3.0,3.0,0.0,0.0
1264,15.0,0.0,2.0,2.0,1.0,3.0,2.0,3.0,3.0,0.0,0.0
1265,15.0,0.0,2.0,2.0,1.0,3.0,2.0,3.0,3.0,0.0,0.0
1266,15.0,0.0,2.0,2.0,1.0,3.0,2.0,3.0,3.0,0.0,0.0
1267,15.0,0.0,2.0,2.0,1.0,3.0,2.0,3.0,3.0,0.0,0.0
1268,15.0,0.0,2.0,2.0,1.0,3.0,2.0,3.0,3.0,0.0,0.0
1269,15.0,0.0,2.0,2.0,1.0,3.0,2.0,3.0,3.0,0.0,0.0
1270,15.0,0.0,2.0,2.0,1.0,3.0,2.0,3.0,3.0,0.0,0.0
1271,15.0,0.0,2.0,2.0,1.0,3.0,2.0,3.0,3.0,0.0,0.0
1272,15.0,0.0,2.0,2.0,1.0,3.0,2.0,3.0,3.0,0.0,0.0
1273,15.0,0.0,2.0,2.0,1.0,3.0,2.0,3.0,3.0,0.0,0.0
1274,15.0,0.0,2.0,2.0,1.0,3.0,2.0,3.0,3.0,0.0,0.0
1275,15.0,0.0,2.0,2.0,1.0,3.0,2.0,3.0,3.0,0.0,0.0
1276,15.0,0.0,2.0,2.0,1.0,3.0,2.0,3.0,3.0,0.0,0.0
1277,15.0,0.0,2.0,2.0,1.0,3.0,2.0,3.0,3.0,0.0,0.0
1278,15.0,0.0,2.0,2.0,1.0,3.0,2.0,3.0,3.0,0.0,0.0
1279,15.0,0.0,2.0,2.0,1.0,3.0,2.0,3.0,3.0,0.0,0.0
1280,15.0,0.0,2.0,2.0,1.0,3.0,2.0,3.0,3.0,0.0,0.0
1281,15.0,0.0,2.0,2.0,1.0,3.0,2.0,3.0,3.0,0.0,0.0
1282,15.0,0.0,2.0,2.0,1.0,3.0,2.0,3.0,3.0,0.0,0.0
1283,15.0,0.0,2.0,2.0,1.0,3.0,2.0,3.0,3.0,0.0,0.0
1284,15.0,0.0,2.0,2.0,1.0,3.0,2.0,3.0,3.0,0.0,0.0
1285,15.0,0.0,2.0,2.0,1.0,3.0,2.0,3.0,3.0,0.0,0.0
1286,15.0,0.0,2.0,2.0,1.0,3.0,2.0,3.0,3.0,0.0,0.0
1287,15.0,0.0,2.0,2.0,1.0,3.0,2.0,3.0,3.0,0.0,0.0
1288,15.0,0.0,2.0,2.0,1.0,3.0,2.0,3.0,3.0,0.0,0.0
1289,15.0,0.0,2.0,2.0,1.0,3.0,2.0,3.0,3.0,0.0,0.0
1290,15.0,0.0,2.0,2.0,1.0,3.0,2.0,3.0,3.0,0.0,0.0
1291,15.0,0.0,2.0,2.0,1.0,3.0,2.0,3.0,3.0,0.0,0.0
1292,15.0,0.0,2.0,2.0,1.0,3.0,2.0,3.0,3.0,0.0,0.0
1293,15.0,0.0,2.0,2.0,1.0,3.0,2.0,3.0,3.0,0.0,0.0
1294,15.0,0.0,2.0,2.0,1.0,3.0,2.0,3.0,3.0,0.0,0.0
1295,15.0,0.0,2.0,2.0,1.0,3.0,2.0,3.0,3.0,0.0,0.0
1296,15.0,0.0,2.0,2.0,1.0,3.0,2.0,3.0,3.0,0.0,0.0
1297,15.0,0.0,2.0,2.0,1.0,3.0,2.0,3.0,3.0,0.0,0.0
1298,15.0,0.0,2.0,2.0,1.0,3.0,2.0,3.0,3.0,0.0,0.0
1299,15.0,0.0,2.0,2.0,1.0,3.0,2.0,3.0,3.0,0.0,0.0
1300,15.0,0.0,2.0,2.0,1.0,3.0,2.0,3.0,3.0,0.0,0.0
1301,15.0,0.0,2.0,2.0,1.0,3.0,2.0,3.0,3.0,0.0,0.0
1302,15.0,0.0,2.0,2.0,1.0,3.0,2.0,3.0,3.0,0.0,0.0
1303,15.0,0.0,2.0,2.0,1.0,3.0,2.0,3.0,3.0,0.0,0.0
1304,15.0,0.0,2.0,2.0,1.0,3.0,2.0,3.0,3.0,0.0,0.0
1305,15.0,0.0,2.0,2.0,1.0,3.0,2.0,3.0,3.0,0.0,0.0
1306,15.0,0.0,2.0,2.0,1.0,3.0,2.0,3.0,3.0,0.0,0.0
1307,15.0,0.0,2.0,2.0,1.0,3.0,2.0,3.0,3.0,0.0,0.0
1308,15.0,0.0,2.0,2.0,1.0,3.0,2.0,3.0,3.0,0.0,0.0
1309,15.0,0.0,2.0,2.0,1.0,3.0,2.0,3.0,3.0,0.0,0.0
1310,15.0,0.0,2.0,2.0,1.0,3.0,2.0,3.0,3.0,0.0,0.0
1311,15.0,0.0,2.0,2.0,1.0,3.0,2.0,3.0,3.0,0.0,0.0
1312,15.0,0.0,2.0,2.0,1.0,3.0,2.0,3.0,3.0,0.0,0.0
1313,15.0,0.0,2.0,2.0,1.0,3.0,2.0,3.0,3.0,0.0,0.0
1314,15.0,0.0,2.0,2.0,1.0,3.0,2.0,3.0,3.0,0.0,0.0
1315,15.0,0.0,2.0,2.0,1.0,3.0,2.0,3.0,3.0,0.0,0.0
1316,15.0,0.0,2.0,2.0,1.0,3.0,2.0,3.0,3.0,0.0,0.0
1317,15.0,0.0,2.0,2.0,1.0,3.0,2.0,3.0,3.0,0.0,0.0
1318,15.0,0.0,2.0,2.0,1.0,3.0,2.0,3.0,3.0,0.0,0.0
1319,15.0,0.0,2.0,2.0,1.0,3.0,2.0,3.0,3.0,0.0,0.0
1320,15.0,0.0,2.0,2.0,1.0,3.0,2.0,3.0,3.0,0.0,0.0
1321,15.0,0.0,2.0,2.0,1.0,3.0,2.0,3.0,3.0,0.0,0.0
1322,15.0,0.0,2.0,2.0,1.0,3.0,2.0,3.0,3.0,0.0,0.0
1323,15.0,0.0,2.0,2.0,1.0,3.0,2.0,3.0,3.0,0.0,0.0
1324,15.0,0.0,2.0,2.0,1.0,3.0,2.0,3.0,3.0,0.0,0.0
1325,15.0,0.0,2.0,2.0,1.0,3.0,2.0,3.0,3.0,0.0,0.0
1326,15.0,0.0,2.0,2.0,1.0,3.0,2.0,3.0,3.0,0.0,0.0
1327,15.0,0.0,2.0,2.0,1.0,3.0,2.0,3.0,3.0,0.0,0.0
1328,15.0,0.0,2.0,2.0,1.0,3.0,2.0,3.0,3.0,0.0,0.0
1329,15.0,0.0,2.0,2.0,1.0,3.0,2.0,3.0,3.0,0.0,0.0
1330,15.0,0.0,2.0,2.0,1.0,3.0,2.0,3.0,3.0,0.0,0.0
1331,15.0,0.0,2.0,2.0,1.0,3.0,2.0,3.0,3.0,0.0,0.0
1332,15.0,0.0,2.0,2.0,1.0,3.0,2.0,3.0,3.0,0.0,0.0
1333,15.0,0.0,2.0,2.0,1.0,3.0,2.0,3.0,3.0,0.0,0.0
1334,15.0,0.0,2.0,2.0,1.0,3.0,2.0,3.0,3.0,0.0,0.0
1335,15.0,0.0,2.0,2.0,1.0,3.0,2.0,3.0,3.0,0.0,0.0
1336,15.0,0.0,2.0,2.0,1.0,3.0,2.0,3.0,3.0,0.0,0.0
1337,15.0,0.0,2.0,2.0,1.0,3.0,2.0,3.0,3.0,0.0,0.0
1338,15.0,0.0,2.0,2.0,1.0,3.0,2.0,3.0,3.0,0.0,0.0
1339,15.0,0.0,2.0,2.0,1.0,3.0,2.0,3.0,3.0,0.0,0.0
1340,15.0,0.0,2.0,2.0,1.0,3.0,2.0,3.0,3.0,0.0,0.0
1341,15.0,0.0,2.0,2.0,1.0,3.0,2.0,3.0,3.0,0.0,0.0
1342,15.0,0.0,2.0,2.0,1.0,3.0,2.0,3.0,3.0,0.0,0.0
1343,15.0,0.0,2.0,2.0,1.0,3.0,2.0,3.0,3.0,0.0,0.0
1344,15.0,0.0,2.0,2.0,1.0,3.0,2.0,3.0,3.0,0.0,0.0
1345,15.0,0.0,2.0,2.0,1.0,3.0,2.0,3.0,3.0,0.0,0.0
1346,15.0,0.0,2.0,2.0,1.0,3.0,2.0,3.0,3.0,0.0,0.0
1347,15.0,0.0,2.0,2.0,1.0,3.0,2.0,3.0,3.0,0.0,0.0
1348,15.0,0.0,2.0,2.0,1.0,3.0,2.0,3.0,3.0,0.0,0.0
1349,15.0,0.0,2.0,2.0,1.0,3.0,2.0,3.0,3.0,0.0,0.0
1350,15.0,0.0,2.0,2.0,1.0,3.0,2.0,3.0,3.0,0.0,0.0
1351,15.0,0.0,2.0,2.0,1.0,3.0,2.0,3.0,3.0,0.0,0.0
1352,15.0,0.0,2.0,2.0,1.0,3.0,2.0,3.0,3.0,0.0,0.0
1353,15.0,0.0,2.0,2.0,1.0,3.0,2.0,3.0,3.0,0.0,0.0
1354,15.0,0.0,2.0,2.0,1.0,3.0,2.0,3.0,3.0,0.0,0.0
1355,15.0,0.0,2.0,2.0,1.0,3.0,2.0,3.0,3.0,0.0,0.0
1356,15.0,0.0,2.0,2.0,1.0,3.0,2.0,3.0,3.0,0.0,0.0
1357,15.0,0.0,2.0,2.0,1.0,3.0,2.0,3.0,3.0,0.0,0.0
1358,15.0,0.0,2.0,2.0,1.0,3.0,2.0,3.0,3.0,0.0,0.0
1359,15.0,0.0,2.0,2.0,1.0,3.0,2.0,3.0,3.0,0.0,0.0
1360,15.0,0.0,2.0,2.0,1.0,3.0,2.0,3.0,3.0,0.0,0.0
1361,15.0,0.0,2.0,2.0,1.0,3.0,2.0,3.0,3.0,0.0,0.0
1362,15.0,0.0,2.0,2.0,1.0,3.0,2.0,3.0,3.0,0.0,0.0
1363,15.0,0.0,2.0,2.0,1.0,3.0,2.0,3.0,3.0,0.0,0.0
1364,15.0,0.0,2.0,2.0,1.0,3.0,2.0,3.0,3.0,0.0,0.0
1365,15.0,0.0,2.0,2.0,1.0,3.0,2.0,3.0,3.0,0.0,0.0
1366,15.0,0.0,2.0,2.0,1.0,3.0,2.0,3.0,3.0,0.0,0.0
1367,15.0,0.0,2.0,2.0,1.0,3.0,2.0,3.0,3.0,0.0,0.0
1368,15.0,0.0,2.0,2.0,1.0,3.0,2.0,3.0,3.0,0.0,0.0
1369,15.0,0.0,2.0,2.0,1.0,3.0,2.0,3.0,3.0,0.0,0.0
1370,15.0,0.0,2.0,2.0,1.0,3.0,2.0,3.0,3.0,0.0,0.0
1371,15.0,0.0,2.0,2.0,1.0,3.0,2.0,3.0,3.0,0.0,0.0
1372,15.0,0.0,2.0,2.0,1.0,3.0,2.0,3.0,3.0,0.0,0.0
1373,15.0,0.0,2.0,2.0,1.0,3.0,2.0,3.0,3.0,0.0,0.0
1374,15.0,0.0,2.0,2.0,1.0,3.0,2.0,3.0,3.0,0.0,0.0
1375,15.0,0.0,2.0,2.0,1.0,3.0,2.0,3.0,3.0,0.0,0.0
1376,15.0,0.0,2.0,2.0,1.0,3.0,2.0,3.0,3.0,0.0,0.0
1377,15.0,0.0,2.0,2.0,1.0,3.0,2.0,3.0,3.0,0.0,0.0
1378,15.0,0.0,2.0,2.0,1.0,3.0,2.0,3.0,3.0,0.0,0.0
1379,15.0,0.0,2.0,2.0,1.0,3.0,2.0,3.0,3.0,0.0,0.0
1380,15.0,0.0,2.0,2.0,1.0,3.0,2.0,3.0,3.0,0.0,0.0
1381,15.0,0.0,2.0,2.0,1.0,3.0,2.0,3.0,3.0,0.0,0.0
1382,15.0,0.0,2.0,2.0,1.0,3.0,2.0,3.0,3.0,0.0,0.0
1383,15.0,0.0,2.0,2.0,1.0,3.0,2.0,3.0,3.0,0.0,0.0
1384,15.0,0.0,2.0,2.0,1.0,3.0,2.0,3.0,3.0,0.0,0.0
1385,15.0,0.0,2.0,2.0,1.0,3.0,2.0,3.0,3.0,0.0,0.0
1386,15.0,0.0,2.0,2.0,1.0,3.0,2.0,3.0,3.0,0.0,0.0
1387,15.0,0.0,2.0,2.0,1.0,3.0,2.0,3.0,3.0,0.0,0.0
1388,15.0,0.0,2.0,2.0,1.0,3.0,2.0,3.0,3.0,0.0,0.0
1389,15.0,0.0,2.0,2.0,1.0,3.0,2.0,3.0,3.0,0.0,0.0
1390,15.0,0.0,2.0,2.0,1.0,3.0,2.0,3.0,3.0,0.0,0.0
1391,15.0,0.0,2.0,2.0,1.0,3.0,2.0,3.0,3.0,0.0,0.0
1392,15.0,0.0,2.0,2.0,1.0,3.0,2.0,3.0,3.0,0.0,0.0
1393,15.0,0.0,2.0,2.0,1.0,3.0,2.0,3.0,3.0,0.0,0.0
1394,15.0,0.0,2.0,2.0,1.0,3.0,2.0,3.0,3.0,0.0,0.0
1395,15.0,0.0,2.0,2.0,1.0,3.0,2.0,3.0,3.0,0.0,0.0
1396,15.0,0.0,2.0,2.0,1.0,3.0,2.0,3.0,3.0,0.0,0.0
1397,15.0,0.0,2.0,2.0,1.0,3.0,2.0,3.0,3.0,0.0,0.0
1398,15.0,0.0,2.0,2.0,1.0,3.0,2.0,3.0,3.0,0.0,0.0
1399,15.0,0.0,2.0,2.0,1.0,3.0,2.0,3.0,3.0,0.0,0.0
1400,15.0,0.0,2.0,2.0,1.0,3.0,2.0,3.0,3.0,0.0,0.0
1401,15.0,0.0,2.0,2.0,1.0,3.0,2.0,3.0,3.0,0.0,0.0
1402,15.0,0.0,2.0,2.0,1.0,3.0,2.0,3.0,3.0,0.0,0.0
1403,15.0,0.0,2.0,2.0,1.0,3.0,2.0,3.0,3.0,0.0,0.0
1404,15.0,0.0,2.0,2.0,1.0,3.0,2.0,3.0,3.0,0.0,0.0
1405,15.0,0.0,2.0,2.0,1.0,3.0,2.0,3.0,3.0,0.0,0.0
1406,15.0,0.0,2.0,2.0,1.0,3.0,2.0,3.0,3.0,0.0,0.0
1407,15.0,0.0,2.0,2.0,1.0,3.0,2.0,3.0,3.0,0.0,0.0
1408,15.0,0.0,2.0,2.0,1.0,3.0,2.0,3.0,3.0,0.0,0.0
1409,15.0,0.0,2.0,2.0,1.0,3.0,2.0,3.0,3.0,0.0,0.0
1410,15.0,0.0,2.0,2.0,1.0,3.0,2.0,3.0,3.0,0.0,0.0
1411,15.0,0.0,2.0,2.0,1.0,3.0,2.0,3.0,3.0,0.0,0.0
1412,15.0,0.0,2.0,2.0,1.0,3.0,2.0,3.0,3.0,0.0,0.0
1413,15.0,0.0,2.0,2.0,1.0,3.0,2.0,3.0,3.0,0.0,0.0
1414,15.0,0.0,2.0,2.0,1.0,3.0,2.0,3.0,3.0,0.0,0.0
1415,15.0,0.0,2.0,2.0,1.0,3.0,2.0,3.0,3.0,0.0,0.0
1416,15.0,0.0,2.0,2.0,1.0,3.0,2.0,3.0,3.0,0.0,0.0
1417,15.0,0.0,2.0,2.0,1.0,3.0,2.0,3.0,3.0,0.0,0.0
1418,15.0,0.0,2.0,2.0,1.0,3.0,2.0,3.0,3.0,0.0,0.0
1419,15.0,0.0,2.0,2.0,1.0,3.0,2.0,3.0,3.0,0.0,0.0
1420,15.0,0.0,2.0,2.0,1.0,3.0,2.0,3.0,3.0,0.0,0.0
1421,15.0,0.0,2.0,2.0,1.0,3.0,2.0,3.0,3.0,0.0,0.0
1422,15.0,0.0,2.0,2.0,1.0,3.0,2.0,3.0,3.0,0.0,0.0
1423,15.0,0.0,2.0,2.0,1.0,3.0,2.0,3.0,3.0,0.0,0.0
1424,15.0,0.0,2.0,2.0,1.0,3.0,2.0,3.0,3.0,0.0,0.0
1425,15.0,0.0,2.0,2.0,1.0,3.0,2.0,3.0,3.0,0.0,0.0
1426,15.0,0.0,2.0,2.0,1.0,3.0,2.0,3.0,3.0,0.0,0.0
1427,15.0,0.0,2.0,2.0,1.0,3.0,2.0,3.0,3.0,0.0,0.0
1428,15.0,0.0,2.0,2.0,1.0,3.0,2.0,3.0,3.0,0.0,0.0
1429,15.0,0.0,2.0,2.0,1.0,3.0,2.0,3.0,3.0,0.0,0.0
1430,15.0,0.0,2.0,2.0,1.0,3.0,2.0,3.0,3.0,0.0,0.0
1431,15.0,0.0,2.0,2.0,1.0,3.0,2.0,3.0,3.0,0.0,0.0
1432,15.0,0.0,2.0,2.0,1.0,3.0,2.0,3.0,3.0,0.0,0.0
1433,15.0,0.0,2.0,2.0,1.0,3.0,2.0,3.0,3.0,0.0,0.0
1434,15.0,0.0,2.0,2.0,1.0,3.0,2.0,3.0,3.0,0.0,0.0
1435,15.0,0.0,2.0,2.0,1.0,3.0,2.0,3.0,3.0,0.0,0.0
1436,15.0,0.0,2.0,2.0,1.0,3.0,2.0,3.0,3.0,0.0,0.0
1437,15.0,0.0,2.0,2.0,1.0,3.0,2.0,3.0,3.0,0.0,0.0
1438,15.0,0.0,2.0,2.0,1.0,3.0,2.0,3.0,3.0,0.0,0.0
1439,15.0,0.0,2.0,2.0,1.0,3.0,2.0,3.0,3.0,0.0,0.0
1440,15.0,0.0,2.0,2.0,1.0,3.0,2.0,3.0,3.0,0.0,0.0
1441,15.0,0.0,2.0,2.0,1.0,3.0,2.0,3.0,3.0,0.0,0.0
1442,15.0,0.0,2.0,2.0,1.0,3.0,2.0,3.0,3.0,0.0,0.0
1443,15.0,0.0,2.0,2.0,1.0,3.0,2.0,3.0,3.0,0.0,0.0
1444,15.0,0.0,2.0,2.0,1.0,3.0,2.0,3.0,3.0,0.0,0.0
1445,15.0,0.0,2.0,2.0,1.0,3.0,2.0,3.0,3.0,0.0,0.0
1446,15.0,0.0,2.0,2.0,1.0,3.0,2.0,3.0,3.0,0.0,0.0
1447,15.0,0.0,2.0,2.0,1.0,3.0,2.0,3.0,3.0,0.0,0.0
1448,15.0,0.0,2.0,2.0,1.0,3.0,2.0,3.0,3.0,0.0,0.0
1449,15.0,0.0,2.0,2.0,1.0,3.0,2.0,3.0,3.0,0.0,0.0
1450,15.0,0.0,2.0,2.0,1.0,3.0,2.0,3.0,3.0,0.0,0.0
1451,15.0,0.0,2.0,2.0,1.0,3.0,2.0,3.0,3.0,0.0,0.0
1452,15.0,0.0,2.0,2.0,1.0,3.0,2.0,3.0,3.0,0.0,0.0
1453,15.0,0.0,2.0,2.0,1.0,3.0,2.0,3.0,3.0,0.0,0.0
1454,15.0,0.0,2.0,2.0,1.0,3.0,2.0,3.0,3.0,0.0,0.0
1455,15.0,0.0,2.0,2.0,1.0,3.0,2.0,3.0,3.0,0.0,0.0
1456,15.0,0.0,2.0,2.0,1.0,3.0,2.0,3.0,3.0,0.0,0.0
1457,15.0,0.0,2.0,2.0,1.0,3.0,2.0,3.0,3.0,0.0,0.0
1458,15.0,0.0,2.0,2.0,1.0,3.0,2.0,3.0,3.0,0.0,0.0
1459,15.0,0.0,2.0,2.0,1.0,3.0,2.0,3.0,3.0,0.0,0.0
1460,15.0,0.0,2.0,2.0,1.0,3.0,2.0,3.0,3.0,0.0,0.0
1461,15.0,0.0,2.0,2.0,1.0,3.0,2.0,3.0,3.0,0.0,0.0
1462,15.0,0.0,2.0,2.0,1.0,3.0,2.0,3.0,3.0,0.0,0.0
1463,15.0,0.0,2.0,2.0,1.0,3.0,2.0,3.0,3.0,0.0,0.0
1464,15.0,0.0,2.0,2.0,1.0,3.0,2.0,3.0,3.0,0.0,0.0
1465,15.0,0.0,2.0,2.0,1.0,3.0,2.0,3.0,3.0,0.0,0.0
1466,15.0,0.0,2.0,2.0,1.0,3.0,2.0,3.0,3.0,0.0,0.0
1467,15.0,0.0,2.0,2.0,1.0,3.0,2.0,3.0,3.0,0.0,0.0
1468,15.0,0.0,2.0,2.0,1.0,3.0,2.0,3.0,3.0,0.0,0.0
1469,15.0,0.0,2.0,2.0,1.0,3.0,2.0,3.0,3.0,0.0,0.0
1470,15.0,0.0,2.0,2.0,1.0,3.0,2.0,3.0,3.0,0.0,0.0
1471,15.0,0.0,2.0,2.0,1.0,3.0,2.0,3.0,3.0,0.0,0.0
1472,15.0,0.0,2.0,2.0,1.0,3.0,2.0,3.0,3.0,0.0,0.0
1473,15.0,0.0,2.0,2.0,1.0,3.0,2.0,3.0,3.0,0.0,0.0
1474,15.0,0.0,2.0,2.0,1.0,3.0,2.0,3.0,3.0,0.0,0.0
1475,15.0,0.0,2.0,2.0,1.0,3.0,2.0,3.0,3.0,0.0,0.0
1476,15.0,0.0,2.0,2.0,1.0,3.0,2.0,3.0,3.0,0.0,0.0
1477,15.0,0.0,2.0,2.0,1.0,3.0,2.0,3.0,3.0,0.0,0.0
1478,15.0,0.0,2.0,2.0,1.0,3.0,2.0,3.0,3.0,0.0,0.0
1479,15.0,0.0,2.0,2.0,1.0,3.0,2.0,3.0,3.0,0.0,0.0
1480,15.0,0.0,2.0,2.0,1.0,3.0,2.0,3.0,3.0,0.0,0.0
1481,15.0,0.0,2.0,2.0,1.0,3.0,2.0,3.0,3.0,0.0,0.0
1482,15.0,0.0,2.0,2.0,1.0,3.0,2.0,3.0,3.0,0.0,0.0
1483,15.0,0.0,2.0,2.0,1.0,3.0,2.0,3.0,3.0,0.0,0.0
1484,15.0,0.0,2.0,2.0,1.0,3.0,2.0,3.0,3.0,0.0,0.0
1485,15.0,0.0,2.0,2.0,1.0,3.0,2.0,3.0,3.0,0.0,0.0
1486,15.0,0.0,2.0,2.0,1.0,3.0,2.0,3.0,3.0,0.0,0.0
1487,15.0,0.0,2.0,2.0,1.0,3.0,2.0,3.0,3.0,0.0,0.0
1488,15.0,0.0,2.0,2.0,1.0,3.0,2.0,3.0,3.0,0.0,0.0
1489,15.0,0.0,2.0,2.0,1.0,3.0,2.0,3.0,3.0,0.0,0.0
1490,15.0,0.0,2.0,2.0,1.0,3.0,2.0,3.0,3.0,0.0,0.0
1491,15.0,0.0,2.0,2.0,1.0,3.0,2.0,3.0,3.0,0.0,0.0
1492,15.0,0.0,2.0,2.0,1.0,3.0,2.0,3.0,3.0,0.0,0.0
1493,15.0,0.0,2.0,2.0,1.0,3.0,2.0,3.0,3.0,0.0,0.0
1494,15.0,0.0,2.0,2.0,1.0,3.0,2.0,3.0,3.0,0.0,0.0
1495,15.0,0.0,2.0,2.0,1.0,3.0,2.0,3.0,3.0,0.0,0.0
1496,15.0,0.0,2.0,2.0,1.0,3.0,2.0,3.0,3.0,0.0,0.0
1497,15.0,0.0,2.0,2.0,1.0,3.0,2.0,3.0,3.0,0.0,0.0
1498,15.0,0.0,2.0,2.0,1.0,3.0,2.0,3.0,3.0,0.0,0.0
1499,15.0,0.0,2.0,2.0,1.0,3.0,2.0,3.0,3.0,0.0,0.0
1500,15.0,0.0,2.0,2.0,1.0,3.0,2.0,3.0,3.0,0.0,0.0
1501,15.0,0.0,2.0,2.0,1.0,3.0,2.0,3.0,3.0,0.0,0.0
1502,15.0,0.0,2.0,2.0,1.0,3.0,2.0,3.0,3.0,0.0,0.0
1503,15.0,0.0,2.0,2.0,1.0,3.0,2.0,3.0,3.0,0.0,0.0
1504,15.0,0.0,2.0,2.0,1.0,3.0,2.0,3.0,3.0,0.0,0.0
1505,15.0,0.0,2.0,2.0,1.0,3.0,2.0,3.0,3.0,0.0,0.0
1506,15.0,0.0,2.0,2.0,1.0,3.0,2.0,3.0,3.0,0.0,0.0
1507,15.0,0.0,2.0,2.0,1.0,3.0,2.0,3.0,3.0,0.0,0.0
1508,15.0,0.0,2.0,2.0,1.0,3.0,2.0,3.0,3.0,0.0,0.0
1509,15.0,0.0,2.0,2.0,1.0,3.0,2.0,3.0,3.0,0.0,0.0
1510,15.0,0.0,2.0,2.0,1.0,3.0,2.0,3.0,3.0,0.0,0.0
1511,15.0,0.0,2.0,2.0,1.0,3.0,2.0,3.0,3.0,0.0,0.0
1512,15.0,0.0,2.0,2.0,1.0,3.0,2.0,3.0,3.0,0.0,0.0
1513,15.0,0.0,2.0,2.0,1.0,3.0,2.0,3.0,3.0,0.0,0.0
1514,15.0,0.0,2.0,2.0,1.0,3.0,2.0,3.0,3.0,0.0,0.0
1515,15.0,0.0,2.0,2.0,1.0,3.0,2.0,3.0,3.0,0.0,0.0
1516,15.0,0.0,2.0,2.0,1.0,3.0,2.0,3.0,3.0,0.0,0.0
1517,15.0,0.0,2.0,2.0,1.0,3.0,2.0,3.0,3.0,0.0,0.0
1518,15.0,0.0,2.0,2.0,1.0,3.0,2.0,3.0,3.0,0.0,0.0
1519,15.0,0.0,2.0,2.0,1.0,3.0,2.0,3.0,3.0,0.0,0.0
1520,15.0,0.0,2.0,2.0,1.0,3.0,2.0,3.0,3.0,0.0,0.0
1521,15.0,0.0,2.0,2.0,1.0,3.0,2.0,3.0,3.0,0.0,0.0
1522,15.0,0.0,2.0,2.0,1.0,3.0,2.0,3.0,3.0,0.0,0.0
1523,15.0,0.0,2.0,2.0,1.0,3.0,2.0,3.0,3.0,0.0,0.0
1524,15.0,0.0,2.0,2.0,1.0,3.0,2.0,3.0,3.0,0.0,0.0
1525,15.0,0.0,2.0,2.0,1.0,3.0,2.0,3.0,3.0,0.0,0.0
1526,15.0,0.0,2.0,2.0,1.0,3.0,2.0,3.0,3.0,0.0,0.0
1527,15.0,0.0,2.0,2.0,1.0,3.0,2.0,3.0,3.0,0.0,0.0
1528,15.0,0.0,2.0,2.0,1.0,3.0,2.0,3.0,3.0,0.0,0.0
1529,15.0,0.0,2.0,2.0,1.0,3.0,2.0,3.0,3.0,0.0,0.0
1530,15.0,0.0,2.0,2.0,1.0,3.0,2.0,3.0,3.0,0.0,0.0
1531,15.0,0.0,2.0,2.0,1.0,3.0,2.0,3.0,3.0,0.0,0.0
1532,15.0,0.0,2.0,2.0,1.0,3.0,2.0,3.0,3.0,0.0,0.0
1533,15.0,0.0,2.0,2.0,1.0,3.0,2.0,3.0,3.0,0.0,0.0
1534,15.0,0.0,2.0,2.0,1.0,3.0,2.0,3.0,3.0,0.0,0.0
1535,15.0,0.0,2.0,2.0,1.0,3.0,2.0,3.0,3.0,0.0,0.0
1536,15.0,0.0,2.0,2.0,1.0,3.0,2.0,3.0,3.0,0.0,0.0
1537,15.0,0.0,2.0,2.0,1.0,3.0,2.0,3.0,3.0,0.0,0.0
1538,15.0,0.0,2.0,2.0,1.0,3.0,2.0,3.0,3.0,0.0,0.0
1539,15.0,0.0,2.0,2.0,1.0,3.0,2.0,3.0,3.0,0.0,0.0
1540,15.0,0.0,2.0,2.0,1.0,3.0,2.0,3.0,3.0,0.0,0.0
1541,15.0,0.0,2.0,2.0,1.0,3.0,2.0,3.0,3.0,0.0,0.0
1542,15.0,0.0,2.0,2.0,1.0,3.0,2.0,3.0,3.0,0.0,0.0
1543,15.0,0.0,2.0,2.0,1.0,3.0,2.0,3.0,3.0,0.0,0.0
1544,15.0,0.0,2.0,2.0,1.0,3.0,2.0,3.0,3.0,0.0,0.0
1545,15.0,0.0,2.0,2.0,1.0,3.0,2.0,3.0,3.0,0.0,0.0
1546,15.0,0.0,2.0,2.0,1.0,3.0,2.0,3.0,3.0,0.0,0.0
1547,15.0,0.0,2.0,2.0,1.0,3.0,2.0,3.0,3.0,0.0,0.0
1548,15.0,0.0,2.0,2.0,1.0,3.0,2.0,3.0,3.0,0.0,0.0
1549,15.0,0.0,2.0,2.0,1.0,3.0,2.0,3.0,3.0,0.0,0.0
1550,15.0,0.0,2.0,2.0,1.0,3.0,2.0,3.0,3.0,0.0,0.0
1551,15.0,0.0,2.0,2.0,1.0,3.0,2.0,3.0,3.0,0.0,0.0
1552,15.0,0.0,2.0,2.0,1.0,3.0,2.0,3.0,3.0,0.0,0.0
1553,15.0,0.0,2.0,2.0,1.0,3.0,2.0,3.0,3.0,0.0,0.0
1554,15.0,0.0,2.0,2.0,1.0,3.0,2.0,3.0,3.0,0.0,0.0
1555,15.0,0.0,2.0,2.0,1.0,3.0,2.0,3.0,3.0,0.0,0.0
1556,15.0,0.0,2.0,2.0,1.0,3.0,2.0,3.0,3.0,0.0,0.0
1557,15.0,0.0,2.0,2.0,1.0,3.0,2.0,3.0,3.0,0.0,0.0
1558,15.0,0.0,2.0,2.0,1.0,3.0,2.0,3.0,3.0,0.0,0.0
1559,15.0,0.0,2.0,2.0,1.0,3.0,2.0,3.0,3.0,0.0,0.0
1560,15.0,0.0,2.0,2.0,1.0,3.0,2.0,3.0,3.0,0.0,0.0
1561,15.0,0.0,2.0,2.0,1.0,3.0,2.0,3.0,3.0,0.0,0.0
1562,15.0,0.0,2.0,2.0,1.0,3.0,2.0,3.0,3.0,0.0,0.0
1563,15.0,0.0,2.0,2.0,1.0,3.0,2.0,3.0,3.0,0.0,0.0
1564,15.0,0.0,2.0,2.0,1.0,3.0,2.0,3.0,3.0,0.0,0.0
1565,15.0,0.0,2.0,2.0,1.0,3.0,2.0,3.0,3.0,0.0,0.0
1566,15.0,0.0,2.0,2.0,1.0,3.0,2.0,3.0,3.0,0.0,0.0
1567,15.0,0.0,2.0,2.0,1.0,3.0,2.0,3.0,3.0,0.0,0.0
1568,15.0,0.0,2.0,2.0,1.0,3.0,2.0,3.0,3.0,0.0,0.0
1569,15.0,0.0,2.0,2.0,1.0,3.0,2.0,3.0,3.0,0.0,0.0
1570,15.0,0.0,2.0,2.0,1.0,3.0,2.0,3.0,3.0,0.0,0.0
1571,15.0,0.0,2.0,2.0,1.0,3.0,2.0,3.0,3.0,0.0,0.0
1572,15.0,0.0,2.0,2.0,1.0,3.0,2.0,3.0,3.0,0.0,0.0
1573,15.0,0.0,2.0,2.0,1.0,3.0,2.0,3.0,3.0,0.0,0.0
1574,15.0,0.0,2.0,2.0,1.0,3.0,2.0,3.0,3.0,0.0,0.0
1575,15.0,0.0,2.0,2.0,1.0,3.0,2.0,3.0,3.0,0.0,0.0
1576,15.0,0.0,2.0,2.0,1.0,3.0,2.0,3.0,3.0,0.0,0.0
1577,15.0,0.0,2.0,2.0,1.0,3.0,2.0,3.0,3.0,0.0,0.0
1578,15.0,0.0,2.0,2.0,1.0,3.0,2.0,3.0,3.0,0.0,0.0
1579,15.0,0.0,2.0,2.0,1.0,3.0,2.0,3.0,3.0,0.0,0.0
1580,15.0,0.0,2.0,2.0,1.0,3.0,2.0,3.0,3.0,0.0,0.0
1581,15.0,0.0,2.0,2.0,1.0,3.0,2.0,3.0,3.0,0.0,0.0
1582,15.0,0.0,2.0,2.0,1.0,3.0,2.0,3.0,3.0,0.0,0.0
1583,15.0,0.0,2.0,2.0,1.0,3.0,2.0,3.0,3.0,0.0,0.0
1584,15.0,0.0,2.0,2.0,1.0,3.0,2.0,3.0,3.0,0.0,0.0
1585,15.0,0.0,2.0,2.0,1.0,3.0,2.0,3.0,3.0,0.0,0.0
1586,15.0,0.0,2.0,2.0,1.0,3.0,2.0,3.0,3.0,0.0,0.0
1587,15.0,0.0,2.0,2.0,1.0,3.0,2.0,3.0,3.0,0.0,0.0
1588,15.0,0.0,2.0,2.0,1.0,3.0,2.0,3.0,3.0,0.0,0.0
1589,15.0,0.0,2.0,2.0,1.0,3.0,2.0,3.0,3.0,0.0,0.0
1590,15.0,0.0,2.0,2.0,1.0,3.0,2.0,3.0,3.0,0.0,0.0
1591,15.0,0.0,2.0,2.0,1.0,3.0,2.0,3.0,3.0,0.0,0.0
1592,15.0,0.0,2.0,2.0,1.0,3.0,2.0,3.0,3.0,0.0,0.0
1593,15.0,0.0,2.0,2.0,1.0,3.0,2.0,3.0,3.0,0.0,0.0
1594,15.0,0.0,2.0,2.0,1.0,3.0,2.0,3.0,3.0,0.0,0.0
1595,15.0,0.0,2.0,2.0,1.0,3.0,2.0,3.0,3.0,0.0,0.0
1596,15.0,0.0,2.0,2.0,1.0,3.0,2.0,3.0,3.0,0.0,0.0
1597,15.0,0.0,2.0,2.0,1.0,3.0,2.0,3.0,3.0,0.0,0.0
1598,15.0,0.0,2.0,2.0,1.0,3.0,2.0,3.0,3.0,0.0,0.0
1599,15.0,0.0,2.0,2.0,1.0,3.0,2.0,3.0,3.0,0.0,0.0
1600,15.0,0.0,2.0,2.0,1.0,3.0,2.0,3.0,3.0,0.0,0.0
1601,15.0,0.0,2.0,2.0,1.0,3.0,2.0,3.0,3.0,0.0,0.0
1602,15.0,0.0,2.0,2.0,1.0,3.0,2.0,3.0,3.0,0.0,0.0
1603,15.0,0.0,2.0,2.0,1.0,3.0,2.0,3.0,3.0,0.0,0.0
1604,15.0,0.0,2.0,2.0,1.0,3.0,2.0,3.0,3.0,0.0,0.0
1605,15.0,0.0,2.0,2.0,1.0,3.0,2.0,3.0,3.0,0.0,0.0
1606,15.0,0.0,2.0,2.0,1.0,3.0,2.0,3.0,3.0,0.0,0.0
1607,15.0,0.0,2.0,2.0,1.0,3.0,2.0,3.0,3.0,0.0,0.0
1608,15.0,0.0,2.0,2.0,1.0,3.0,2.0,3.0,3.0,0.0,0.0
1609,15.0,0.0,2.0,2.0,1.0,3.0,2.0,3.0,3.0,0.0,0.0
1610,15.0,0.0,2.0,2.0,1.0,3.0,2.0,3.0,3.0,0.0,0.0
1611,15.0,0.0,2.0,2.0,1.0,3.0,2.0,3.0,3.0,0.0,0.0
1612,15.0,0.0,2.0,2.0,1.0,3.0,2.0,3.0,3.0,0.0,0.0
1613,15.0,0.0,2.0,2.0,1.0,3.0,2.0,3.0,3.0,0.0,0.0
1614,15.0,0.0,2.0,2.0,1.0,3.0,2.0,3.0,3.0,0.0,0.0
1615,15.0,0.0,2.0,2.0,1.0,3.0,2.0,3.0,3.0,0.0,0.0
1616,15.0,0.0,2.0,2.0,1.0,3.0,2.0,3.0,3.0,0.0,0.0
1617,15.0,0.0,2.0,2.0,1.0,3.0,2.0,3.0,3.0,0.0,0.0
1618,15.0,0.0,2.0,2.0,1.0,3.0,2.0,3.0,3.0,0.0,0.0
1619,15.0,0.0,2.0,2.0,1.0,3.0,2.0,3.0,3.0,0.0,0.0
1620,15.0,0.0,2.0,2.0,1.0,3.0,2.0,3.0,3.0,0.0,0.0
1621,15.0,0.0,2.0,2.0,1.0,3.0,2.0,3.0,3.0,0.0,0.0
1622,15.0,0.0,2.0,2.0,1.0,3.0,2.0,3.0,3.0,0.0,0.0
1623,15.0,0.0,2.0,2.0,1.0,3.0,2.0,3.0,3.0,0.0,0.0
1624,15.0,0.0,2.0,2.0,1.0,3.0,2.0,3.0,3.0,0.0,0.0
1625,15.0,0.0,2.0,2.0,1.0,3.0,2.0,3.0,3.0,0.0,0.0
1626,15.0,0.0,2.0,2.0,1.0,3.0,2.0,3.0,3.0,0.0,0.0
1627,15.0,0.0,2.0,2.0,1.0,3.0,2.0,3.0,3.0,0.0,0.0
1628,15.0,0.0,2.0,2.0,1.0,3.0,2.0,3.0,3.0,0.0,0.0
1629,15.0,0.0,2.0,2.0,1.0,3.0,2.0,3.0,3.0,0.0,0.0
1630,15.0,0.0,2.0,2.0,1.0,3.0,2.0,3.0,3.0,0.0,0.0
1631,15.0,0.0,2.0,2.0,1.0,3.0,2.0,3.0,3.0,0.0,0.0
1632,15.0,0.0,2.0,2.0,1.0,3.0,2.0,3.0,3.0,0.0,0.0
1633,15.0,0.0,2.0,2.0,1.0,3.0,2.0,3.0,3.0,0.0,0.0
1634,15.0,0.0,2.0,2.0,1.0,3.0,2.0,3.0,3.0,0.0,0.0
1635,15.0,0.0,2.0,2.0,1.0,3.0,2.0,3.0,3.0,0.0,0.0
1636,15.0,0.0,2.0,2.0,1.0,3.0,2.0,3.0,3.0,0.0,0.0
1637,15.0,0.0,2.0,2.0,1.0,3.0,2.0,3.0,3.0,0.0,0.0
1638,15.0,0.0,2.0,2.0,1.0,3.0,2.0,3.0,3.0,0.0,0.0
1639,15.0,0.0,2.0,2.0,1.0,3.0,2.0,3.0,3.0,0.0,0.0
1640,15.0,0.0,2.0,2.0,1.0,3.0,2.0,3.0,3.0,0.0,0.0
1641,15.0,0.0,2.0,2.0,1.0,3.0,2.0,3.0,3.0,0.0,0.0
1642,15.0,0.0,2.0,2.0,1.0,3.0,2.0,3.0,3.0,0.0,0.0
1643,15.0,0.0,2.0,2.0,1.0,3.0,2.0,3.0,3.0,0.0,0.0
1644,15.0,0.0,2.0,2.0,1.0,3.0,2.0,3.0,3.0,0.0,0.0
1645,15.0,0.0,2.0,2.0,1.0,3.0,2.0,3.0,3.0,0.0,0.0
1646,15.0,0.0,2.0,2.0,1.0,3.0,2.0,3.0,3.0,0.0,0.0
1647,15.0,0.0,2.0,2.0,1.0,3.0,2.0,3.0,3.0,0.0,0.0
1648,15.0,0.0,2.0,2.0,1.0,3.0,2.0,3.0,3.0,0.0,0.0
1649,15.0,0.0,2.0,2.0,1.0,3.0,2.0,3.0,3.0,0.0,0.0
1650,15.0,0.0,2.0,2.0,1.0,3.0,2.0,3.0,3.0,0.0,0.0
1651,15.0,0.0,2.0,2.0,1.0,3.0,2.0,3.0,3.0,0.0,0.0
1652,15.0,0.0,2.0,2.0,1.0,3.0,2.0,3.0,3.0,0.0,0.0
1653,15.0,0.0,2.0,2.0,1.0,3.0,2.0,3.0,3.0,0.0,0.0
1654,15.0,0.0,2.0,2.0,1.0,3.0,2.0,3.0,3.0,0.0,0.0
1655,15.0,0.0,2.0,2.0,1.0,3.0,2.0,3.0,3.0,0.0,0.0
1656,15.0,0.0,2.0,2.0,1.0,3.0,2.0,3.0,3.0,0.0,0.0
1657,15.0,0.0,2.0,2.0,1.0,3.0,2.0,3.0,3.0,0.0,0.0
1658,15.0,0.0,2.0,2.0,1.0,3.0,2.0,3.0,3.0,0.0,0.0
1659,15.0,0.0,2.0,2.0,1.0,3.0,2.0,3.0,3.0,0.0,0.0
1660,15.0,0.0,2.0,2.0,1.0,3.0,2.0,3.0,3.0,0.0,0.0
1661,15.0,0.0,2.0,2.0,1.0,3.0,2.0,3.0,3.0,0.0,0.0
1662,15.0,0.0,2.0,2.0,1.0,3.0,2.0,3.0,3.0,0.0,0.0
1663,15.0,0.0,2.0,2.0,1.0,3.0,2.0,3.0,3.0,0.0,0.0
